supplier_id,supplier_name,supplier_region,supplier_rating,supplier_type,contact_value,onboarding_date,contact_email
1,Terry Krueger,"['North America', 'Europe', 'North America']",3,"['Manufacturer', 'Distributor', 'Distributor']",44003.56,1991-09-28,smithyvonne@example.net
2,Sherri Williams,"['Middle East', 'Africa', 'Europe', 'Middle East', 'Europe']",2,"['Wholesaler', 'Wholesaler', 'Distributor', 'Distributor']",10006.54,1991-10-16,robertsimmons@example.com
3,Karen Lewis,"['Middle East', 'Middle East', 'Europe']",4,['Wholesaler'],41018.2,1979-06-28,ckrueger@example.com
4,Phillip Butler,['Asia'],5,"['Wholesaler', 'Wholesaler']",30226.63,1976-06-26,millerbrooke@example.net
5,Mikayla Rice,"['Middle East', 'Europe', 'Middle East']",2,"['Supplier', 'Supplier', 'Wholesaler', 'Manufacturer']",25912.09,2006-07-30,nharris@example.net
6,Renee Tucker,"['North America', 'Middle East', 'Asia']",5,['Supplier'],38861.44,1995-03-04,sandra94@example.com
7,Chelsea Gardner MD,['North America'],2,"['Distributor', 'Manufacturer']",43851.8,1975-06-21,moorejulie@example.net
8,Ivan Thompson,"['Africa', 'Asia', 'Europe', 'Europe', 'Europe']",1,"['Manufacturer', 'Supplier']",36480.2,1970-07-11,wfoster@example.org
9,Kevin Tyler,"['Asia', 'Asia', 'Middle East', 'Middle East']",3,"['Wholesaler', 'Wholesaler', 'Wholesaler']",14860.42,2015-05-14,gregoryjohnson@example.org
10,John Daniels,"['Asia', 'Europe', 'Africa', 'Middle East']",4,"['Supplier', 'Wholesaler', 'Wholesaler', 'Distributor']",41514.47,1998-06-16,hubbardelizabeth@example.com
11,Katie Smith,['Asia'],5,"['Supplier', 'Supplier']",11554.74,2005-07-20,townsendsherry@example.org
12,Stephanie Gibson,"['Asia', 'Europe', 'Middle East']",1,"['Distributor', 'Wholesaler', 'Distributor', 'Manufacturer']",20558.52,2009-04-13,seanchang@example.org
13,William Villanueva,['Africa'],4,['Wholesaler'],35674.0,2003-06-07,aliciaalvarado@example.com
14,Nicholas Carter,"['North America', 'Asia', 'Middle East']",4,"['Manufacturer', 'Supplier', 'Manufacturer', 'Distributor']",41981.73,2003-10-18,ajohnson@example.org
15,Jessica Yang,['Asia'],3,['Manufacturer'],17809.34,1971-01-29,nmartin@example.org
16,Ryan Lawrence,"['Europe', 'Africa', 'Middle East']",3,"['Wholesaler', 'Supplier', 'Supplier', 'Manufacturer']",48033.3,2007-08-18,foxscott@example.org
17,Ray Johnson,"['Middle East', 'Middle East', 'Europe', 'Middle East']",3,"['Distributor', 'Wholesaler', 'Wholesaler', 'Supplier']",38635.5,2004-09-28,gsimon@example.net
18,Benjamin Rodriguez,['Europe'],3,"['Wholesaler', 'Manufacturer', 'Wholesaler', 'Manufacturer']",22995.25,1993-07-02,johnsonkristen@example.org
19,Steven Delgado,"['Middle East', 'Europe', 'Middle East']",5,['Supplier'],30750.44,1992-07-16,jsimpson@example.com
20,Sarah Gutierrez,"['Middle East', 'Asia']",1,"['Distributor', 'Wholesaler', 'Supplier', 'Wholesaler']",32245.15,2019-08-06,swilliams@example.org
21,Cassandra Pearson,"['Middle East', 'Middle East', 'North America']",2,"['Supplier', 'Supplier', 'Distributor']",47483.86,1977-05-29,sandra00@example.net
22,Kenneth Tucker,"['Middle East', 'North America', 'Europe']",3,['Distributor'],28456.29,2012-06-08,robertfriedman@example.com
23,Alyssa Willis,"['North America', 'Africa', 'Asia', 'Europe']",5,"['Supplier', 'Wholesaler', 'Distributor', 'Wholesaler']",14329.53,1978-07-25,michaeljustin@example.net
24,Angela Rodgers,['Middle East'],5,"['Supplier', 'Distributor']",16389.92,2004-01-03,samanthasosa@example.net
25,Brendan Kelly,"['North America', 'Africa', 'Europe', 'Asia', 'Africa']",4,"['Wholesaler', 'Distributor']",47348.61,1970-03-27,colebrown@example.org
26,Jimmy Flores,"['North America', 'Asia']",3,"['Wholesaler', 'Manufacturer', 'Manufacturer']",13998.35,1996-08-17,brianshepard@example.org
27,Robert Proctor,"['Europe', 'Middle East', 'Africa']",2,"['Supplier', 'Manufacturer']",48995.19,1981-03-29,joshua48@example.net
28,Ashley Harris,"['Asia', 'Middle East', 'Africa', 'North America', 'Middle East']",4,"['Distributor', 'Distributor']",28081.45,1972-05-07,ogalvan@example.org
29,Thomas Silva,"['Asia', 'Europe']",3,"['Manufacturer', 'Distributor', 'Supplier']",35490.09,2017-03-24,xfuller@example.com
30,Erica Martinez,['Europe'],3,['Manufacturer'],43959.76,2017-04-04,kathleen22@example.com
31,Kelly Lewis,"['Middle East', 'Africa', 'Africa', 'North America']",4,"['Manufacturer', 'Supplier', 'Manufacturer']",38241.37,2011-10-11,deborah52@example.net
32,Diamond Ortiz,"['North America', 'Europe', 'Europe', 'Asia', 'Asia']",4,['Wholesaler'],29893.02,1994-11-02,heather79@example.com
33,John Hayden,"['Africa', 'Middle East']",1,['Supplier'],25623.44,2024-02-21,jacqueline05@example.net
34,Mark Whitney,"['Middle East', 'North America', 'Europe', 'Asia']",3,"['Manufacturer', 'Wholesaler', 'Manufacturer', 'Manufacturer']",33967.21,2012-08-24,milestodd@example.org
35,William Myers,"['Asia', 'North America', 'Africa', 'Asia']",5,['Distributor'],47137.9,2009-01-15,donnajohnson@example.com
36,David Cobb,"['North America', 'North America', 'Europe', 'Asia', 'Africa']",2,['Wholesaler'],30083.56,1993-09-19,yolanda91@example.org
37,Matthew Spencer,"['Asia', 'Africa', 'Asia', 'Africa']",4,"['Supplier', 'Manufacturer']",47517.91,2009-07-17,timothypayne@example.net
38,Laura Jones,"['Middle East', 'Europe']",4,['Wholesaler'],18969.09,1986-04-24,esalazar@example.com
39,William Hernandez,"['North America', 'Europe', 'Middle East', 'Africa', 'Middle East']",2,['Manufacturer'],11719.01,1990-10-03,ronaldvalencia@example.net
40,Heather Crawford,"['North America', 'Europe', 'North America', 'North America']",2,"['Distributor', 'Supplier', 'Distributor']",16984.38,2021-08-06,wfrank@example.net
41,Adam Patterson,['North America'],3,['Distributor'],34780.21,1983-05-27,daniellepalmer@example.net
42,Mr. Joseph Ramos,['North America'],2,['Manufacturer'],40827.55,2005-01-10,walkertina@example.org
43,Andrew Krueger,"['Europe', 'Europe', 'Asia', 'Asia', 'Asia']",2,"['Manufacturer', 'Supplier', 'Manufacturer', 'Supplier']",49418.27,1998-01-08,davidmontgomery@example.org
44,Ronald Thomas,['North America'],4,"['Supplier', 'Supplier']",11000.29,1990-10-26,brookecurry@example.org
45,Brittney Gardner,"['Africa', 'Europe']",1,"['Distributor', 'Manufacturer']",28909.14,1992-06-14,shellywilliams@example.net
46,Ms. Sheri Williams MD,"['Middle East', 'Middle East', 'Middle East']",1,"['Supplier', 'Supplier']",33948.3,1979-03-10,danajohnson@example.org
47,Dr. Allen Parsons,['Middle East'],4,"['Manufacturer', 'Manufacturer']",19066.59,1976-04-29,ghorton@example.com
48,Virginia Hernandez,"['Africa', 'Europe', 'Asia', 'North America']",3,"['Wholesaler', 'Distributor']",21421.84,2015-02-13,mooresarah@example.org
49,Nathaniel Vazquez,"['Middle East', 'North America', 'Africa']",2,"['Manufacturer', 'Manufacturer', 'Distributor', 'Manufacturer']",21363.89,1999-12-05,franciscynthia@example.net
50,Thomas Rodriguez,"['North America', 'Asia']",2,['Wholesaler'],28564.57,1977-02-08,bestrada@example.com
51,Brianna Johnson,"['Asia', 'Europe']",2,['Supplier'],23030.42,1993-01-27,zamorajacob@example.com
52,Melissa Owen,"['Middle East', 'Africa', 'North America', 'Africa', 'North America']",5,"['Wholesaler', 'Wholesaler']",31695.72,2022-08-12,sarahbarr@example.com
53,Manuel Garcia,"['Europe', 'Europe', 'Africa', 'North America']",3,"['Distributor', 'Manufacturer']",32856.66,1973-10-23,aguirresarah@example.net
54,Kevin Sims,"['Asia', 'Africa', 'Middle East']",5,"['Distributor', 'Manufacturer']",37711.64,1974-01-03,uperkins@example.com
55,Paul Ortiz,"['Middle East', 'Europe']",4,"['Distributor', 'Manufacturer']",15589.78,1989-10-12,lawrencenguyen@example.com
56,Christopher Hernandez,"['Asia', 'Asia', 'Middle East', 'Africa']",2,"['Supplier', 'Wholesaler']",30896.55,2001-10-03,oconnorrobert@example.net
57,Latoya Bennett,"['Africa', 'Asia']",2,"['Supplier', 'Wholesaler']",32377.38,1990-10-17,deanna91@example.com
58,Matthew Harris,"['Europe', 'Middle East', 'Europe', 'Middle East']",2,['Manufacturer'],19812.34,1977-05-18,butlerjason@example.com
59,George Dickson,"['Africa', 'Africa']",2,['Distributor'],15587.13,1989-05-08,jennifer75@example.com
60,Albert Kramer,"['Africa', 'North America', 'North America']",3,"['Supplier', 'Distributor', 'Distributor']",30439.24,1983-07-30,amandarogers@example.com
61,Nicole Wolf,"['North America', 'Middle East']",1,"['Distributor', 'Wholesaler']",42544.17,2016-05-12,parkerbreanna@example.com
62,Stephanie Harrison,"['Africa', 'Middle East']",2,"['Supplier', 'Wholesaler', 'Wholesaler', 'Distributor']",30136.9,1970-07-08,jessicafritz@example.org
63,Richard Anderson,"['Asia', 'Europe', 'Africa', 'Middle East', 'Africa']",2,"['Distributor', 'Wholesaler', 'Supplier', 'Wholesaler']",35373.61,1994-05-23,thomashodge@example.net
64,Craig Calderon,"['Middle East', 'Asia', 'Asia', 'Africa']",4,"['Distributor', 'Distributor']",18646.44,1999-07-06,ypeters@example.org
65,Cameron Stephens,"['Asia', 'North America', 'North America', 'Middle East', 'Europe']",2,"['Supplier', 'Wholesaler', 'Supplier', 'Distributor']",44383.49,2014-01-29,bwashington@example.com
66,Sara Foster,"['Middle East', 'Africa']",1,"['Supplier', 'Distributor', 'Supplier']",25303.75,1971-12-24,vray@example.net
67,Jeffrey Mccoy,"['North America', 'Europe', 'Africa']",4,"['Manufacturer', 'Wholesaler']",11932.43,1991-08-16,elizabeth80@example.com
68,Rebecca Davis,"['Africa', 'Europe']",2,['Supplier'],28485.56,1982-11-02,jacob13@example.org
69,Whitney Wilkins,"['Africa', 'Middle East', 'Middle East']",1,['Wholesaler'],26355.75,2018-08-01,gromero@example.net
70,Brian David,"['North America', 'Middle East']",3,['Manufacturer'],26966.81,2002-04-23,emorgan@example.com
71,Mark Hill,"['Asia', 'Europe']",5,"['Distributor', 'Distributor', 'Manufacturer', 'Supplier']",47948.16,2023-08-04,john16@example.org
72,Ian Smith,"['North America', 'Europe', 'Africa', 'Asia']",1,"['Manufacturer', 'Wholesaler', 'Distributor']",31553.8,2023-03-24,laurasandoval@example.org
73,Shannon Christensen,"['Africa', 'North America', 'Africa']",4,"['Distributor', 'Wholesaler', 'Supplier', 'Supplier']",25517.93,1990-01-06,jose94@example.com
74,James Keller,"['Africa', 'Asia', 'Europe']",4,"['Wholesaler', 'Manufacturer']",31476.02,2008-10-25,victoriagibson@example.net
75,Randy Turner,"['Asia', 'Middle East', 'Europe', 'Europe', 'Middle East']",1,"['Manufacturer', 'Wholesaler', 'Supplier', 'Distributor']",18453.35,1997-07-20,bradley79@example.com
76,Caroline Moore,"['North America', 'Africa', 'Europe']",2,"['Supplier', 'Manufacturer', 'Manufacturer', 'Supplier']",12487.29,2004-06-17,peterscatherine@example.org
77,Victoria Ruiz,['Middle East'],2,"['Supplier', 'Distributor']",43902.95,1977-07-27,joseph76@example.org
78,Richard Osborn,"['Middle East', 'Europe', 'Asia']",5,"['Distributor', 'Distributor']",15286.77,2007-08-17,pshepard@example.com
79,Andrew Johnson,"['North America', 'Asia', 'Asia', 'North America']",4,"['Manufacturer', 'Distributor']",13537.34,1989-06-10,javierlopez@example.com
80,Elizabeth Garcia,"['Asia', 'North America', 'Middle East']",5,"['Manufacturer', 'Wholesaler']",29189.91,1976-01-28,mcintyrecarolyn@example.net
81,Steven Shelton,"['North America', 'Asia', 'Africa', 'Europe']",1,"['Distributor', 'Distributor', 'Manufacturer', 'Supplier']",25285.82,2016-02-05,jessicaluna@example.com
82,Nicholas Mcbride,"['North America', 'North America']",3,"['Wholesaler', 'Wholesaler', 'Wholesaler']",32455.74,1972-07-23,wintersdiana@example.com
83,Gloria Adams,"['North America', 'Africa', 'Africa', 'North America']",4,"['Wholesaler', 'Manufacturer']",12639.7,1997-05-02,travismccullough@example.org
84,Jenny Buchanan,"['Africa', 'Europe', 'Africa']",3,"['Wholesaler', 'Supplier']",47570.75,1975-11-27,josebrown@example.com
85,Elizabeth Williamson,"['Africa', 'Africa', 'Europe', 'Europe', 'North America']",1,"['Manufacturer', 'Wholesaler']",16957.63,1970-01-19,stephanie98@example.com
86,Linda Mueller,"['Asia', 'Europe', 'Africa']",4,"['Distributor', 'Manufacturer']",28991.31,1987-07-04,pjohnson@example.org
87,Mr. Adam Watson DVM,['Asia'],5,['Manufacturer'],46049.71,2005-01-14,reedmichael@example.com
88,Connie Barnes,"['Europe', 'Africa', 'Europe', 'Middle East']",4,"['Distributor', 'Supplier', 'Supplier', 'Supplier']",41510.15,1995-03-04,kimberlylawrence@example.com
89,Beth Simon,"['Middle East', 'North America', 'Europe']",2,"['Manufacturer', 'Manufacturer']",28180.68,2014-03-23,kirsten17@example.org
90,Victoria Evans,"['Africa', 'Africa']",4,['Wholesaler'],46230.43,2007-01-04,pattersonanne@example.com
91,David Turner,"['Africa', 'North America', 'Middle East', 'Middle East']",3,"['Manufacturer', 'Wholesaler', 'Manufacturer', 'Manufacturer']",18802.16,2016-10-26,kimberly78@example.net
92,Joshua Campbell,"['North America', 'North America']",1,"['Manufacturer', 'Wholesaler', 'Distributor']",12031.38,2020-06-18,kwhite@example.com
93,Courtney Campos,"['Europe', 'Middle East', 'Asia', 'Africa']",5,"['Wholesaler', 'Distributor']",11864.38,1991-04-07,richardchavez@example.org
94,Susan Ortega,"['Africa', 'North America', 'North America', 'Middle East']",5,"['Supplier', 'Distributor', 'Wholesaler']",43971.65,1981-02-17,richard61@example.com
95,Brandi Silva,"['Middle East', 'Asia', 'Africa']",3,"['Manufacturer', 'Manufacturer', 'Manufacturer', 'Distributor']",27002.73,1983-09-18,nicole57@example.com
96,Kristen Rogers,"['Asia', 'Middle East', 'North America', 'North America', 'Asia']",4,['Distributor'],15566.3,1991-11-26,miguel75@example.net
97,Casey Sanchez,"['Europe', 'North America', 'Europe']",2,"['Manufacturer', 'Manufacturer', 'Distributor']",37266.6,2025-07-07,billypetersen@example.com
98,Andrea Evans,"['North America', 'North America', 'Africa', 'North America', 'North America']",2,"['Manufacturer', 'Manufacturer', 'Wholesaler']",35071.2,1986-10-02,amanda14@example.com
99,Donna Hernandez,['Middle East'],2,"['Wholesaler', 'Manufacturer', 'Distributor', 'Wholesaler']",49937.62,2012-04-16,erikhoward@example.org
100,Robert Schmidt MD,['Asia'],4,"['Distributor', 'Supplier']",30701.18,2008-06-20,scottmontgomery@example.com
101,Shelly Long,"['Asia', 'Africa', 'Europe', 'Europe']",4,"['Wholesaler', 'Wholesaler']",39170.73,2016-03-16,cramirez@example.org
102,Dana Nelson,"['Europe', 'Africa', 'Asia']",2,"['Distributor', 'Distributor', 'Supplier', 'Manufacturer']",24857.31,2022-12-31,lawrencemichelle@example.com
103,Tanya Williams,"['North America', 'Asia', 'Asia']",2,"['Wholesaler', 'Supplier', 'Manufacturer']",36352.38,1978-12-15,brandy25@example.com
104,Stephen Aguilar,"['Europe', 'Asia', 'Africa', 'Africa', 'North America']",2,"['Supplier', 'Distributor']",31013.01,1981-12-19,edwardfields@example.net
105,Valerie Clarke,"['Middle East', 'Africa']",3,"['Supplier', 'Manufacturer', 'Distributor', 'Wholesaler']",34139.94,2019-05-31,brian41@example.com
106,Samantha Chavez,"['Europe', 'Europe', 'Asia', 'Africa', 'North America']",2,"['Manufacturer', 'Supplier']",27064.94,2016-11-28,benjamin35@example.net
107,Julie Curry,"['North America', 'Africa', 'Middle East', 'Middle East', 'Europe']",3,"['Supplier', 'Supplier', 'Wholesaler']",26906.85,1978-10-14,iwilliams@example.org
108,Katelyn Butler,"['North America', 'Asia', 'Middle East', 'Europe']",4,['Wholesaler'],30069.98,2004-05-14,zdavis@example.org
109,Brian Vincent,"['North America', 'Africa', 'Asia']",3,"['Supplier', 'Supplier', 'Distributor']",20506.23,2000-01-15,lisarobinson@example.com
110,Angelica Sanchez,"['Africa', 'Middle East', 'North America']",3,"['Manufacturer', 'Manufacturer']",14571.92,1992-06-03,jamie66@example.org
111,Jonathan Walker,"['Asia', 'Europe']",2,"['Manufacturer', 'Distributor']",27760.19,1985-02-04,pamelawood@example.net
112,Katherine Allen,"['Middle East', 'North America']",3,"['Wholesaler', 'Wholesaler', 'Supplier', 'Manufacturer']",48828.2,1988-10-08,bjones@example.net
113,Laura Brown,"['Europe', 'Africa', 'Middle East']",3,"['Distributor', 'Manufacturer', 'Manufacturer']",18397.57,2007-06-15,mhiggins@example.com
114,Ryan Munoz,"['Africa', 'Africa', 'Asia', 'North America', 'Europe']",2,"['Manufacturer', 'Manufacturer', 'Distributor']",38976.02,1985-05-12,christina37@example.com
115,Elizabeth Perez,"['Asia', 'North America', 'Africa', 'Africa', 'North America']",2,"['Supplier', 'Wholesaler', 'Manufacturer']",35542.56,1999-01-03,brian94@example.com
116,Austin Higgins,"['Middle East', 'Africa', 'Middle East', 'Europe']",1,"['Manufacturer', 'Manufacturer', 'Distributor', 'Wholesaler']",46998.45,1995-05-12,rebecca54@example.org
117,Kendra Stevens,"['Middle East', 'North America', 'Africa', 'Middle East', 'Middle East']",4,['Supplier'],23759.78,1990-02-04,tanderson@example.org
118,Kevin Rivera,"['Africa', 'North America', 'North America', 'Africa', 'Africa']",1,"['Distributor', 'Distributor', 'Distributor', 'Supplier']",33496.84,1990-11-25,plozano@example.net
119,Stephen Rogers,"['Europe', 'Asia', 'Middle East']",3,"['Supplier', 'Distributor']",48674.39,1987-01-16,anthony10@example.org
120,Brooke Pena,['Asia'],2,"['Manufacturer', 'Manufacturer', 'Supplier']",38760.05,2009-10-07,mlopez@example.net
121,Christina Jones,"['Asia', 'Africa']",2,['Wholesaler'],15790.47,1975-10-02,jameshurley@example.org
122,Mrs. Doris Neal,"['Asia', 'Europe', 'Middle East']",4,['Supplier'],47327.58,2024-01-09,clarkmichael@example.org
123,Paul Hall,['Africa'],4,['Supplier'],20416.28,1970-11-02,ismith@example.net
124,Don Fuller,"['North America', 'Middle East', 'Europe', 'Europe']",2,['Supplier'],22653.85,2003-11-30,robertcarroll@example.com
125,Johnny Moore,"['Asia', 'Middle East', 'North America', 'Asia', 'Middle East']",2,['Manufacturer'],31927.98,1971-11-10,ucooper@example.com
126,Jill Cox,"['Middle East', 'Europe', 'Asia', 'North America']",3,"['Distributor', 'Supplier', 'Distributor', 'Wholesaler']",41858.81,2014-12-26,millerpatrick@example.org
127,Christopher Lewis,"['Africa', 'Africa', 'Middle East', 'Asia']",5,"['Manufacturer', 'Distributor', 'Distributor']",19082.99,1978-07-21,pmoses@example.net
128,Lindsay Lee,"['North America', 'Africa']",2,"['Supplier', 'Manufacturer']",32568.82,2024-03-26,traceymccarthy@example.org
129,Mrs. Alexis Roberson,"['Asia', 'Middle East', 'Asia', 'North America']",1,"['Wholesaler', 'Wholesaler']",18154.75,1990-08-16,weaverlisa@example.com
130,Brittany Mckay,"['Africa', 'Africa']",5,"['Supplier', 'Wholesaler', 'Manufacturer', 'Manufacturer']",47987.89,2015-02-13,nicholas93@example.com
131,Jonathan Jones,"['Asia', 'Asia', 'Middle East', 'North America']",2,['Wholesaler'],33357.91,2025-12-19,jennifer54@example.net
132,Christina Leon,"['Asia', 'Europe', 'Middle East', 'Europe']",2,"['Manufacturer', 'Supplier', 'Wholesaler']",35911.19,2016-02-25,sonyarivas@example.com
133,Brooke Durham,['Europe'],1,"['Distributor', 'Supplier']",11696.26,1984-03-03,jreilly@example.com
134,Laurie Hensley,"['Europe', 'North America', 'Middle East', 'Africa']",5,"['Supplier', 'Distributor', 'Distributor', 'Manufacturer']",41354.72,1987-02-23,scottjoshua@example.com
135,Christine Brown,"['Europe', 'Middle East', 'Europe', 'North America']",1,"['Manufacturer', 'Manufacturer', 'Manufacturer', 'Distributor']",48342.57,1981-06-25,maybrian@example.com
136,Anna Williams,"['Asia', 'Asia', 'Asia', 'Middle East']",2,"['Manufacturer', 'Manufacturer']",44610.77,1980-08-14,benjamin63@example.com
137,Robert Wagner,"['Europe', 'Asia', 'Europe', 'Middle East']",2,"['Distributor', 'Manufacturer']",31682.21,2002-05-04,zstone@example.org
138,Karen Baker,['Europe'],4,"['Distributor', 'Wholesaler']",15478.69,1996-09-22,hmoody@example.net
139,James Camacho,"['North America', 'North America', 'Europe']",3,"['Distributor', 'Distributor', 'Manufacturer', 'Supplier']",13213.8,2021-11-26,cruzlori@example.org
140,David Taylor,['North America'],3,['Distributor'],29943.72,2011-09-26,kingphillip@example.net
141,Gabriel Gaines,"['Europe', 'Africa', 'Asia']",3,"['Distributor', 'Distributor']",13687.13,2021-01-21,laura04@example.com
142,Sarah Benitez,"['North America', 'Asia', 'Europe', 'Europe']",4,"['Distributor', 'Wholesaler', 'Supplier']",20181.65,2021-12-14,ldougherty@example.com
143,Alice Martin,"['North America', 'Asia', 'Africa', 'North America', 'North America']",4,['Supplier'],36015.94,1991-11-15,wwilson@example.org
144,Donna Smith,"['Middle East', 'Middle East', 'Asia', 'Europe']",1,['Manufacturer'],33018.47,1981-02-02,julia14@example.org
145,Peter Dixon,"['Asia', 'Middle East', 'Asia']",3,['Distributor'],36061.66,2023-09-07,georgemartinez@example.net
146,Chad Harris,"['Europe', 'Asia']",5,['Manufacturer'],23802.6,1974-12-01,wisesheila@example.com
147,Joy Gibson,"['Africa', 'Asia', 'North America', 'Asia']",2,"['Manufacturer', 'Manufacturer', 'Supplier']",42581.8,2014-09-13,harriseric@example.net
148,Timothy Taylor,"['North America', 'Middle East', 'North America']",2,"['Supplier', 'Distributor']",37205.5,1987-07-24,stephaniedrake@example.net
149,Patricia Diaz,"['North America', 'Europe', 'Asia']",4,"['Supplier', 'Manufacturer']",30656.95,2013-04-09,fuentesmelissa@example.org
150,Victor Arias,"['Africa', 'Africa']",5,"['Supplier', 'Supplier']",28925.29,1976-10-24,ymichael@example.org
151,Ashlee Galvan,"['Middle East', 'Europe', 'Asia', 'Asia', 'Middle East']",1,['Distributor'],21024.9,1984-07-24,gary56@example.net
152,Katherine Santana,"['North America', 'Middle East', 'Middle East', 'North America', 'Asia']",5,"['Distributor', 'Supplier', 'Distributor']",33224.21,1977-01-25,williamsmatthew@example.org
153,Heather Bolton,"['Asia', 'Europe', 'North America']",3,['Manufacturer'],37410.24,2023-11-22,darryl12@example.net
154,Michelle Dean,"['Asia', 'Africa', 'Europe', 'Africa']",4,"['Distributor', 'Wholesaler', 'Manufacturer']",45165.51,2005-10-11,bonniejames@example.org
155,Julie Murphy,"['Africa', 'North America']",3,"['Wholesaler', 'Distributor']",24312.8,1984-09-07,kimberly61@example.org
156,Zachary Hooper,"['Middle East', 'North America']",3,"['Distributor', 'Wholesaler']",12419.13,1983-08-26,sandrajohnson@example.org
157,Jermaine Villarreal,"['Asia', 'Asia', 'North America', 'Europe']",4,"['Distributor', 'Distributor', 'Wholesaler']",28231.42,1979-09-16,veronica67@example.com
158,Jesse Foley,"['Middle East', 'Middle East', 'Asia', 'Europe']",2,['Distributor'],17090.73,1993-07-15,hdrake@example.net
159,Stephen Hanson,"['Africa', 'Asia', 'Africa']",5,"['Distributor', 'Supplier']",35283.22,1984-01-18,ramseymike@example.com
160,Sara Jensen,"['Asia', 'Europe', 'North America', 'Africa', 'Middle East']",5,['Wholesaler'],47064.86,2023-03-25,dunnheather@example.net
161,Ashley Ryan,"['Asia', 'Africa', 'Middle East']",4,"['Manufacturer', 'Wholesaler', 'Manufacturer']",49066.91,2017-06-13,wardjane@example.com
162,Anthony Rodgers,"['Asia', 'Europe', 'Middle East', 'Europe', 'Asia']",3,"['Wholesaler', 'Manufacturer', 'Wholesaler', 'Supplier']",11393.47,1979-01-20,nicholaslucas@example.org
163,Linda Brown,"['Middle East', 'Middle East', 'Asia', 'Asia', 'Middle East']",5,"['Distributor', 'Manufacturer', 'Supplier']",10856.56,2007-02-10,fsanchez@example.org
164,Laurie Quinn,"['Europe', 'Europe', 'North America']",2,['Distributor'],31312.34,1987-01-09,thomashernandez@example.org
165,Nancy Anderson,"['Asia', 'Europe', 'North America', 'North America', 'Africa']",2,"['Distributor', 'Wholesaler']",47605.99,1994-08-06,bushmatthew@example.org
166,Corey Tate,"['Asia', 'North America']",4,"['Wholesaler', 'Wholesaler', 'Manufacturer']",21630.02,2009-02-23,chloe64@example.org
167,Kevin Lee,"['Middle East', 'Europe', 'Asia']",5,['Wholesaler'],42959.55,1973-09-09,nicole07@example.com
168,Thomas Burke,"['Africa', 'Africa']",4,"['Wholesaler', 'Wholesaler', 'Manufacturer']",16035.01,1986-01-02,dknight@example.org
169,Melissa Browning,['Middle East'],1,"['Supplier', 'Supplier', 'Manufacturer']",44606.64,1990-01-10,reynoldsdebra@example.org
170,Christine Shaffer,"['Europe', 'Africa', 'Asia']",4,"['Distributor', 'Wholesaler', 'Wholesaler']",23620.16,1970-12-29,morrisdana@example.net
171,Wendy Gomez,"['Asia', 'North America', 'Africa', 'Middle East', 'Middle East']",5,"['Wholesaler', 'Wholesaler', 'Supplier', 'Manufacturer']",15880.72,1981-10-25,ysanchez@example.com
172,Dakota Thomas,"['Europe', 'Middle East', 'North America']",2,"['Manufacturer', 'Distributor']",23369.4,1974-03-18,garzakelli@example.com
173,Mr. Jorge Alvarez,['Asia'],2,"['Distributor', 'Wholesaler']",22933.52,2013-05-08,wrightjeffrey@example.org
174,Christopher Cox,"['Africa', 'North America', 'Europe', 'Africa', 'Europe']",3,"['Distributor', 'Distributor']",22494.8,2015-01-03,phillipsjoshua@example.net
175,Lisa Smith DVM,"['Europe', 'Europe']",5,"['Distributor', 'Wholesaler', 'Distributor']",46736.64,2014-08-12,jenningslucas@example.com
176,Joe Baker,"['Africa', 'Africa']",1,"['Manufacturer', 'Wholesaler', 'Distributor', 'Supplier']",20656.77,1975-03-27,kclarke@example.net
177,Thomas Avery,"['Africa', 'Europe', 'North America', 'Middle East']",2,"['Distributor', 'Wholesaler']",42260.18,1998-11-12,stephengould@example.org
178,Nicholas Morales,"['Asia', 'Europe', 'North America']",1,"['Distributor', 'Supplier', 'Distributor', 'Distributor']",14759.0,2004-02-18,knighteric@example.com
179,Derek Duffy,"['Africa', 'Middle East', 'Europe', 'Asia', 'Asia']",2,"['Distributor', 'Manufacturer', 'Supplier']",26743.87,1975-11-16,yadams@example.com
180,Taylor Roy,"['North America', 'Africa']",3,['Supplier'],18163.54,2013-04-21,gmiles@example.net
181,Glen Bailey,"['Asia', 'Middle East']",3,"['Wholesaler', 'Manufacturer', 'Manufacturer']",43791.5,2015-05-18,maryallen@example.net
182,Glenn Lopez,"['Middle East', 'Europe', 'Europe', 'Middle East', 'Africa']",1,"['Wholesaler', 'Wholesaler', 'Distributor', 'Wholesaler']",22515.38,2009-02-10,cashley@example.net
183,Justin Cantu,"['Africa', 'Europe', 'Asia']",4,"['Wholesaler', 'Supplier']",34120.35,1992-06-26,michelle10@example.net
184,Mary Reyes,"['Middle East', 'Middle East']",1,['Wholesaler'],48882.68,2011-02-25,leslie30@example.net
185,Olivia Simpson,['Asia'],4,"['Manufacturer', 'Distributor']",24847.96,1994-05-12,rose83@example.net
186,Randy Wilson,"['North America', 'Asia', 'North America', 'North America', 'Africa']",5,"['Wholesaler', 'Supplier', 'Wholesaler']",27053.18,1998-12-04,umcgrath@example.net
187,Jodi Brown,"['Middle East', 'Asia', 'Middle East', 'North America']",3,"['Supplier', 'Distributor', 'Supplier']",42458.4,2010-12-21,gloriapark@example.com
188,Matthew Robinson,"['Europe', 'Europe', 'Middle East', 'Asia', 'Middle East']",3,"['Manufacturer', 'Manufacturer', 'Wholesaler']",16904.44,2016-07-30,ecalhoun@example.net
189,Tammy Fox,"['Africa', 'Africa']",1,"['Manufacturer', 'Distributor', 'Distributor']",40694.9,1976-07-17,rhess@example.org
190,Mark Espinoza,"['Europe', 'Europe', 'Middle East', 'Asia']",4,"['Supplier', 'Manufacturer']",28434.09,2023-03-28,bjohnson@example.com
191,Helen Byrd,"['Middle East', 'Asia', 'North America', 'North America']",3,['Distributor'],38159.23,1981-09-24,christinabautista@example.com
192,Tyler Meza,"['Africa', 'Europe', 'Middle East', 'Asia', 'Africa']",5,"['Manufacturer', 'Supplier', 'Supplier', 'Distributor']",15931.1,1983-12-27,wesleymoss@example.com
193,Devon Scott,"['Europe', 'Asia', 'Europe', 'North America']",4,"['Supplier', 'Manufacturer']",49556.31,2008-02-03,nmitchell@example.org
194,Christian Warner,['Asia'],4,"['Distributor', 'Manufacturer']",24271.71,1974-07-16,chelsey61@example.com
195,Elizabeth Hansen,"['Europe', 'Middle East']",4,['Wholesaler'],45289.29,2024-03-27,patty98@example.org
196,Emily Mccann,"['Africa', 'Africa', 'Africa', 'Asia']",4,"['Wholesaler', 'Supplier', 'Wholesaler', 'Supplier']",48024.8,1999-11-07,walkermichelle@example.net
197,Kevin Richards,"['Africa', 'Middle East', 'Europe']",3,"['Distributor', 'Wholesaler']",38770.76,1971-02-18,lance34@example.org
198,Gary Frost,"['North America', 'Europe', 'Europe']",2,"['Supplier', 'Distributor', 'Distributor']",48259.96,2025-02-12,patrickdyer@example.org
199,Robert Ward,"['Africa', 'Asia', 'Europe', 'Europe']",4,"['Supplier', 'Distributor', 'Supplier', 'Manufacturer']",21929.0,2002-05-03,fernandezalyssa@example.net
200,Christopher Wood,"['Europe', 'Asia', 'Africa', 'Middle East', 'North America']",4,['Manufacturer'],19025.98,1982-02-26,ashlee34@example.org
201,Andrea Walker,"['Asia', 'Middle East', 'North America', 'North America']",2,"['Supplier', 'Supplier', 'Wholesaler', 'Manufacturer']",11536.64,2006-08-28,joshuawilson@example.com
202,Jennifer Murphy,"['Asia', 'Africa', 'North America', 'Africa']",3,['Distributor'],37919.97,1979-12-11,richard37@example.org
203,Charles Dudley,"['Europe', 'Africa', 'Africa', 'Middle East', 'Africa']",4,"['Supplier', 'Wholesaler', 'Wholesaler', 'Distributor']",36300.76,1973-05-30,mrobles@example.org
204,James Gardner,"['Europe', 'Europe', 'Europe', 'Asia', 'Asia']",2,"['Distributor', 'Wholesaler', 'Wholesaler']",39386.85,2002-04-01,brian23@example.com
205,Carolyn Hubbard,"['Africa', 'Africa', 'Europe']",5,['Supplier'],11513.42,1995-08-07,hughesmary@example.org
206,Judy Castillo,"['Asia', 'Europe']",1,"['Distributor', 'Wholesaler', 'Supplier', 'Supplier']",25258.31,2021-06-16,patrickmoore@example.com
207,Lauren Page,"['Asia', 'Asia', 'Asia', 'Middle East', 'Africa']",5,"['Distributor', 'Distributor']",16429.54,2026-04-14,robert49@example.com
208,Karen Mckenzie,"['Europe', 'North America', 'Middle East']",4,['Supplier'],24702.36,2017-08-02,philipbaker@example.net
209,Kristen Cannon,"['Africa', 'Asia', 'Europe', 'Middle East', 'Asia']",5,['Manufacturer'],40838.07,1981-10-13,powellmarcus@example.com
210,Janice Simmons,"['North America', 'Africa', 'Europe', 'Middle East', 'Middle East']",1,"['Distributor', 'Wholesaler', 'Supplier', 'Wholesaler']",29085.62,2022-07-30,walkerjennifer@example.org
211,Aaron Bryant,['North America'],1,"['Distributor', 'Distributor']",17689.43,2013-02-02,gmcdonald@example.com
212,Shannon Romero,"['Asia', 'North America', 'North America', 'Africa', 'Asia']",2,"['Supplier', 'Distributor', 'Manufacturer']",44083.45,1981-07-15,christopherbarker@example.org
213,Matthew Johnson,"['Africa', 'Middle East', 'Middle East', 'Europe', 'Europe']",4,"['Distributor', 'Manufacturer']",15880.69,2025-02-18,ajohnson@example.com
214,Edward Martinez,"['Europe', 'Middle East', 'Europe']",3,"['Wholesaler', 'Distributor', 'Distributor']",14260.29,2000-09-11,msanchez@example.com
215,Jeffery Moore,['Africa'],3,"['Manufacturer', 'Supplier', 'Distributor']",35787.36,1974-08-16,cannonhannah@example.net
216,Anna Bates,"['Europe', 'North America']",4,"['Distributor', 'Distributor', 'Distributor']",44235.8,1979-12-04,robertrice@example.net
217,Denise Wilson,"['North America', 'Middle East', 'Europe', 'North America']",5,"['Wholesaler', 'Supplier']",19624.21,1984-04-15,yolanda61@example.com
218,Tammy Williams,"['Asia', 'Middle East', 'Asia', 'Europe', 'Africa']",1,['Wholesaler'],13463.31,1992-01-31,hartamanda@example.org
219,Kayla Wilson,"['North America', 'Asia']",4,['Distributor'],43409.35,2000-10-04,ivan23@example.org
220,David May,"['Africa', 'Africa', 'Europe']",4,['Manufacturer'],21055.49,1995-06-18,meadowsmichael@example.net
221,Ryan Montoya,"['Middle East', 'Middle East', 'Europe', 'Middle East', 'Asia']",2,"['Wholesaler', 'Supplier', 'Wholesaler']",20988.82,1991-06-17,christian12@example.org
222,Melanie Wood,"['Europe', 'Middle East']",4,['Supplier'],47233.44,1999-01-17,kmiller@example.net
223,Mr. Willie Lucas,"['Middle East', 'Africa']",3,"['Distributor', 'Manufacturer']",39654.74,1986-01-29,cummingsyolanda@example.net
224,Gerald Braun,"['Asia', 'Asia']",2,['Wholesaler'],39947.64,1978-03-27,taylorpaul@example.net
225,Robert Frederick,"['Middle East', 'North America']",4,"['Distributor', 'Manufacturer', 'Wholesaler']",37331.12,2020-09-25,ocalderon@example.net
226,Ashley Thomas,['Africa'],1,"['Distributor', 'Supplier']",12164.33,1983-08-07,collinslatoya@example.com
227,Nancy Nielsen,['Middle East'],1,"['Distributor', 'Manufacturer']",30270.79,2017-10-04,hbarrett@example.org
228,Kyle Hill,"['North America', 'Middle East', 'Asia']",3,"['Distributor', 'Wholesaler', 'Wholesaler']",33368.59,1978-08-26,stephen73@example.org
229,Allen Harper,"['Middle East', 'Africa', 'North America']",1,"['Wholesaler', 'Wholesaler', 'Manufacturer']",41177.93,1975-09-25,kimberly82@example.net
230,Mrs. Mary Scott,['Middle East'],2,['Manufacturer'],30981.91,1972-04-27,robert56@example.com
231,Joshua Pierce,"['Africa', 'Africa']",5,"['Wholesaler', 'Wholesaler']",34367.67,2016-10-24,brandtricky@example.org
232,Allison Leach,"['Middle East', 'Africa']",3,"['Supplier', 'Wholesaler', 'Supplier', 'Wholesaler']",29091.34,1975-04-23,michele18@example.org
233,Teresa Daniels,"['Asia', 'Asia', 'Europe', 'North America', 'Asia']",3,"['Distributor', 'Supplier', 'Distributor', 'Wholesaler']",15217.23,2021-08-08,josephlambert@example.org
234,Kiara Love,"['Middle East', 'Africa', 'Middle East', 'North America']",2,"['Distributor', 'Manufacturer', 'Manufacturer', 'Manufacturer']",24957.7,1981-12-28,nathan85@example.net
235,Rhonda Snyder,"['Middle East', 'North America', 'Africa', 'Middle East']",4,['Manufacturer'],42709.46,1985-12-01,leesara@example.net
236,Timothy Nguyen,"['Europe', 'Asia', 'Asia', 'Africa', 'Asia']",1,['Wholesaler'],33649.57,2015-01-13,isaacbarnes@example.org
237,Michael Wong,['North America'],5,"['Distributor', 'Supplier', 'Distributor']",41670.16,2013-09-28,kjackson@example.net
238,Joseph Lopez,['Asia'],4,['Manufacturer'],43000.58,1974-09-25,kevinblack@example.org
239,Robert Howell,['Asia'],1,['Wholesaler'],13980.15,1970-08-11,rebecca65@example.net
240,Carl Gray,"['Asia', 'Africa', 'North America']",1,"['Manufacturer', 'Wholesaler']",22043.62,2012-04-27,daleanderson@example.com
241,Jimmy Lucas,"['Africa', 'Asia']",4,"['Manufacturer', 'Wholesaler']",33134.39,1979-11-22,fschmidt@example.net
242,Richard Peterson,"['Africa', 'Africa', 'North America', 'North America']",1,"['Manufacturer', 'Manufacturer', 'Wholesaler', 'Supplier']",11831.5,1975-06-11,karenmiles@example.org
243,James Newton,"['Middle East', 'Asia', 'Africa']",4,['Manufacturer'],41867.59,2008-04-01,jconway@example.net
244,Sarah Wheeler,"['Europe', 'Middle East', 'North America', 'Middle East']",2,"['Manufacturer', 'Distributor', 'Distributor', 'Manufacturer']",44933.61,1997-08-21,rgraham@example.org
245,Michael Hayes,"['Middle East', 'Africa', 'Middle East']",2,['Manufacturer'],33009.76,1975-03-23,matthew04@example.net
246,Jamie Ward,"['Asia', 'Asia', 'Africa', 'Asia', 'Africa']",3,"['Wholesaler', 'Supplier', 'Distributor']",10787.42,1985-10-12,eporter@example.com
247,Denise Rodriguez,['Africa'],1,['Wholesaler'],38334.71,2013-11-16,escobarmichael@example.org
248,Melissa Blankenship,['Africa'],4,['Manufacturer'],26699.88,1972-09-07,isaiah38@example.org
249,Thomas Mccann,"['Europe', 'Middle East', 'Asia']",2,"['Supplier', 'Manufacturer']",12925.84,1970-10-18,kellyevans@example.com
250,Ronald Soto,"['Middle East', 'Middle East', 'North America', 'Europe', 'Africa']",4,"['Wholesaler', 'Distributor']",21682.23,1972-11-21,warrenkristina@example.net
251,Isaac Macias,"['Europe', 'North America']",1,['Manufacturer'],20450.5,2023-03-27,gillkatrina@example.net
252,Michelle Stevens,['Europe'],4,"['Manufacturer', 'Distributor']",38597.94,2012-12-25,karen21@example.org
253,Casey Berger MD,"['Middle East', 'Europe']",3,"['Wholesaler', 'Supplier', 'Supplier']",47740.15,1995-12-03,wjordan@example.org
254,Teresa Smith,"['Africa', 'Europe']",4,"['Wholesaler', 'Wholesaler', 'Distributor', 'Supplier']",28946.75,2014-12-11,davidcaldwell@example.net
255,Michael Mccoy,"['Africa', 'Africa', 'Europe', 'North America']",3,"['Manufacturer', 'Distributor', 'Supplier', 'Manufacturer']",49309.78,2013-03-31,natalieoneal@example.net
256,Amanda Christensen,"['Europe', 'Asia', 'North America']",1,"['Manufacturer', 'Manufacturer', 'Manufacturer']",19742.58,2014-03-23,jcampbell@example.net
257,Kelly Drake,"['Asia', 'Middle East']",5,['Supplier'],25169.01,2003-12-10,melissadiaz@example.com
258,Benjamin Smith,"['Middle East', 'Asia', 'Middle East', 'Middle East']",5,"['Supplier', 'Supplier']",15813.61,1980-12-29,tdyer@example.org
259,Kristin Carlson,"['North America', 'Europe', 'Africa']",2,['Supplier'],29280.14,2015-08-06,blairlisa@example.net
260,Elizabeth Burch,"['Middle East', 'North America']",3,"['Manufacturer', 'Supplier', 'Manufacturer']",35410.83,2015-10-21,jordan94@example.org
261,Alexis Young,['Europe'],5,['Manufacturer'],46826.75,1988-05-07,sarahfields@example.com
262,William Brooks,"['Middle East', 'Asia', 'Europe']",2,"['Wholesaler', 'Supplier', 'Distributor']",33748.0,1990-03-27,proman@example.com
263,Andrew Ortiz,"['Africa', 'Middle East', 'North America', 'Europe', 'Asia']",3,['Wholesaler'],15946.25,2008-11-15,matthewblack@example.net
264,Katherine House,"['Asia', 'Middle East', 'Asia']",2,"['Distributor', 'Distributor', 'Manufacturer', 'Wholesaler']",41960.15,2005-04-27,samuel80@example.org
265,Kathryn Schneider,"['Asia', 'Europe']",2,"['Distributor', 'Distributor', 'Supplier']",12943.92,2017-10-14,maryerickson@example.net
266,Brenda Rasmussen,"['Middle East', 'Europe']",2,"['Wholesaler', 'Supplier']",45509.86,2005-05-29,ryansosa@example.com
267,Stephanie Smith,['North America'],3,"['Distributor', 'Supplier', 'Distributor']",42528.86,1997-08-19,karenbowers@example.net
268,Michael Miller,"['Africa', 'Asia']",5,['Wholesaler'],19318.4,1983-11-18,tonywright@example.net
269,Nicholas Thompson,"['North America', 'Middle East', 'Europe', 'Africa', 'Middle East']",2,['Supplier'],35560.25,2022-09-24,alyssawebb@example.org
270,Tina Hernandez,"['Asia', 'Africa', 'Africa']",2,"['Distributor', 'Supplier', 'Manufacturer']",26895.73,1973-02-02,ritapearson@example.com
271,John Hahn,"['Asia', 'North America', 'North America', 'Middle East']",3,"['Supplier', 'Manufacturer']",47494.09,1973-03-11,adrianbaxter@example.com
272,Steven Butler,['Europe'],4,"['Wholesaler', 'Supplier']",24399.48,1992-03-02,justinchavez@example.net
273,Philip Henderson,"['Europe', 'Europe', 'Europe']",2,"['Manufacturer', 'Distributor', 'Distributor']",41204.74,1989-03-04,amanda80@example.net
274,Brittney Trevino,"['Middle East', 'Asia']",2,['Supplier'],47810.43,2000-02-28,allisonboyd@example.org
275,Roy Thornton,"['Africa', 'North America', 'North America', 'Middle East', 'Asia']",4,"['Manufacturer', 'Manufacturer']",41126.27,2006-04-21,robert45@example.org
276,Mario Munoz,"['Europe', 'Middle East', 'Africa', 'North America', 'Africa']",3,"['Manufacturer', 'Distributor']",14498.09,1985-02-10,barberlarry@example.net
277,Barbara Palmer,"['Asia', 'Asia', 'Asia', 'Asia']",4,['Distributor'],12217.48,2000-01-30,qmay@example.org
278,Melissa Jones,"['Asia', 'Africa', 'Asia']",2,"['Manufacturer', 'Supplier']",29237.17,1989-06-27,grossdonald@example.net
279,Joshua Ferguson,"['North America', 'Asia', 'Asia', 'Europe', 'Africa']",3,"['Supplier', 'Supplier']",14310.07,2006-06-02,tiffany55@example.org
280,Scott Faulkner,"['Africa', 'Africa', 'Africa', 'North America', 'Asia']",3,"['Supplier', 'Wholesaler']",29669.31,2018-09-30,dwaynegibson@example.com
281,Sarah Edwards,['North America'],3,['Distributor'],31523.14,1973-09-06,urusso@example.net
282,Gregory Hines,"['North America', 'Africa', 'Africa', 'Asia', 'Asia']",3,['Supplier'],13258.34,1997-03-07,robertaustin@example.net
283,Jennifer Lewis,['North America'],2,"['Manufacturer', 'Distributor']",24664.71,2015-02-14,nicole85@example.net
284,Scott Powers,['Africa'],3,"['Wholesaler', 'Supplier', 'Supplier']",24090.0,1990-02-13,kylehicks@example.com
285,Taylor Barker,"['Middle East', 'North America']",3,"['Wholesaler', 'Wholesaler', 'Supplier']",13510.24,1970-08-10,hernandezsandra@example.net
286,Tiffany Taylor,"['Asia', 'Africa', 'Asia', 'Europe', 'Europe']",4,"['Distributor', 'Distributor', 'Distributor', 'Supplier']",12373.58,1982-09-25,apearson@example.net
287,Brittany Wright,"['Asia', 'Africa']",4,"['Wholesaler', 'Supplier']",14308.35,2020-02-16,taraaustin@example.net
288,Kimberly Carter,"['North America', 'North America', 'Europe', 'Europe']",3,"['Wholesaler', 'Supplier']",21386.54,2002-03-19,michael61@example.net
289,Jillian Caldwell,"['Middle East', 'Asia', 'Middle East', 'Africa', 'Africa']",3,"['Manufacturer', 'Supplier']",14904.43,2010-07-21,zford@example.com
290,Amy Kidd,"['Middle East', 'Middle East', 'North America', 'North America']",4,"['Manufacturer', 'Supplier', 'Wholesaler']",18192.86,1973-03-23,uwillis@example.org
291,Darryl Adams,"['Europe', 'Africa']",3,"['Distributor', 'Distributor', 'Distributor', 'Distributor']",29157.04,2021-09-14,robertsjennifer@example.com
292,Christopher Hall,"['Middle East', 'Europe']",2,['Supplier'],22148.01,1988-01-08,hendricksbilly@example.org
293,Victoria Clark,"['Europe', 'Europe', 'Europe']",3,"['Distributor', 'Distributor']",49819.32,2011-01-02,zstewart@example.org
294,Ashley Sellers,"['Africa', 'Asia', 'Middle East']",1,"['Wholesaler', 'Supplier', 'Distributor']",40121.34,2026-03-14,goodwinvanessa@example.com
295,Jamie Baker,"['Africa', 'Europe', 'Middle East']",4,"['Wholesaler', 'Distributor', 'Supplier', 'Wholesaler']",47708.03,2008-12-21,nyoung@example.org
296,Jake Miller,"['Asia', 'Europe', 'Middle East', 'North America', 'North America']",4,['Distributor'],32949.1,1992-03-28,melissapowers@example.com
297,Anne Sandoval,['North America'],3,"['Manufacturer', 'Manufacturer', 'Supplier', 'Manufacturer']",26656.46,2009-12-19,carol76@example.org
298,Bruce Williams,['Asia'],4,"['Distributor', 'Wholesaler', 'Manufacturer']",13499.63,1984-12-01,ambermorales@example.org
299,Amanda Gutierrez,['Africa'],4,"['Distributor', 'Supplier', 'Supplier']",21345.14,2006-06-10,james05@example.com
300,Tabitha Smith,"['Asia', 'Middle East', 'Africa', 'Africa', 'Middle East']",3,['Supplier'],33167.41,2001-07-24,matthewsdeborah@example.com
301,Kimberly Sutton,['North America'],3,"['Distributor', 'Distributor']",48214.36,1991-11-23,michelle18@example.org
302,Jessica Anderson,"['Africa', 'Middle East']",2,['Supplier'],27392.15,2013-06-24,shafferstephen@example.com
303,Samantha Frye,"['Europe', 'Europe', 'Africa']",5,"['Manufacturer', 'Wholesaler', 'Supplier']",13084.88,1987-05-27,kevin30@example.com
304,Sarah Pope,"['Europe', 'Europe', 'Middle East', 'Middle East']",4,"['Wholesaler', 'Manufacturer']",42308.74,2009-06-13,smartin@example.org
305,Elizabeth Mcclure,"['Asia', 'Africa', 'Europe']",4,"['Supplier', 'Wholesaler']",47112.09,1982-11-05,kingshannon@example.net
306,Dr. Kevin Fowler,"['North America', 'North America']",2,['Wholesaler'],27804.94,1987-06-07,eric07@example.com
307,Tyler Hanna,"['Asia', 'Europe']",4,"['Supplier', 'Distributor', 'Supplier']",15985.1,2000-09-17,henry60@example.com
308,Crystal Erickson,"['Middle East', 'Middle East']",4,"['Supplier', 'Supplier']",13974.12,2009-08-19,qsmith@example.org
309,Justin Diaz,"['Africa', 'Africa']",1,"['Supplier', 'Wholesaler', 'Supplier']",14542.66,1997-10-15,flynch@example.net
310,Nicole Peterson,"['Middle East', 'Africa']",1,"['Wholesaler', 'Manufacturer', 'Supplier', 'Wholesaler']",44993.11,2000-09-03,dicksonmichael@example.org
311,Emma Mcfarland,"['Africa', 'Middle East', 'Asia', 'Middle East']",3,"['Distributor', 'Wholesaler', 'Manufacturer']",12127.25,2010-08-22,hyang@example.net
312,Andrew Rivas,"['Asia', 'North America', 'Middle East']",5,"['Supplier', 'Wholesaler', 'Supplier', 'Supplier']",41969.67,1995-08-24,robertmurray@example.com
313,Elizabeth Tate,['Asia'],2,"['Supplier', 'Manufacturer', 'Distributor']",49567.41,2010-12-25,asmith@example.com
314,Katrina Knox,"['Africa', 'North America', 'Middle East']",2,['Wholesaler'],39340.75,1999-03-16,christopher23@example.com
315,Paul Holland,"['North America', 'Europe']",3,"['Supplier', 'Manufacturer']",34600.5,1982-09-03,steven83@example.com
316,Christopher Shea,"['Europe', 'Africa']",2,"['Distributor', 'Manufacturer', 'Wholesaler', 'Distributor']",35776.38,2025-07-09,bonnie51@example.com
317,Clifford Brewer,['Middle East'],3,"['Supplier', 'Wholesaler']",30488.47,2000-12-21,jerryterrell@example.net
318,Kathleen Campbell,['Middle East'],1,['Distributor'],10516.72,2022-06-02,cynthia60@example.com
319,Jason Lam,['Middle East'],3,['Manufacturer'],41379.57,1973-04-23,barberkatrina@example.org
320,Melissa Jones,"['Asia', 'Europe', 'Africa', 'Europe', 'North America']",4,"['Supplier', 'Distributor', 'Distributor']",29836.01,1988-02-04,martinamanda@example.net
321,Margaret Flores,"['Middle East', 'North America', 'Asia']",2,"['Wholesaler', 'Distributor', 'Wholesaler']",16422.02,2005-12-12,mcclainbrian@example.net
322,Steven Sanchez,"['Europe', 'Africa', 'Europe', 'Europe', 'Europe']",2,"['Supplier', 'Supplier', 'Manufacturer', 'Distributor']",29175.85,1979-12-01,diane69@example.org
323,David Smith,['North America'],4,"['Manufacturer', 'Distributor']",43349.98,2004-03-07,charles51@example.org
324,James Anderson,"['Europe', 'North America', 'North America']",4,['Manufacturer'],20235.12,2011-03-13,anthony02@example.com
325,Jessica Bauer,"['Africa', 'Africa']",1,['Manufacturer'],39544.47,1985-12-16,colton56@example.com
326,Jimmy Davis,"['Africa', 'Europe', 'Asia']",4,"['Wholesaler', 'Manufacturer']",14506.45,1986-04-06,jonkim@example.net
327,Lindsay Coleman,"['Middle East', 'North America', 'Middle East', 'Asia', 'North America']",5,"['Supplier', 'Manufacturer', 'Distributor']",38444.67,2022-02-04,davidlee@example.com
328,John Ortiz,"['Europe', 'Europe', 'Africa']",4,"['Distributor', 'Supplier', 'Supplier', 'Wholesaler']",30736.19,1992-03-19,rebeccagilmore@example.org
329,Paige Johnson,['North America'],2,"['Distributor', 'Wholesaler', 'Distributor', 'Wholesaler']",33640.23,2024-02-10,mckenzielinda@example.com
330,Andre Strickland,['Africa'],4,"['Wholesaler', 'Manufacturer']",18649.84,2001-12-17,brewerrichard@example.com
331,Tracy Osborne,"['North America', 'Europe', 'North America', 'Middle East']",2,"['Manufacturer', 'Wholesaler', 'Manufacturer']",17626.23,2015-07-05,vjohnson@example.net
332,Kevin Hall,"['Middle East', 'Africa', 'North America', 'Europe']",2,"['Manufacturer', 'Supplier', 'Distributor']",12264.7,2013-11-13,patellawrence@example.net
333,Ronald Peters,"['Middle East', 'Africa', 'Asia']",3,"['Supplier', 'Distributor', 'Manufacturer', 'Distributor']",36530.91,1992-05-15,wolfstephanie@example.org
334,Michelle Ellison,"['Asia', 'North America', 'North America', 'North America']",2,"['Distributor', 'Manufacturer', 'Wholesaler', 'Wholesaler']",44165.8,1980-09-26,kschultz@example.org
335,Patricia Freeman,"['Europe', 'Asia', 'North America']",1,"['Distributor', 'Manufacturer', 'Wholesaler']",28228.44,2017-11-30,rebecca89@example.com
336,Deanna Edwards,"['Europe', 'Africa', 'Asia']",3,"['Wholesaler', 'Supplier', 'Supplier', 'Wholesaler']",47679.64,2016-03-08,thompsonwilliam@example.net
337,Trevor Woods,['Europe'],1,"['Distributor', 'Distributor', 'Wholesaler', 'Manufacturer']",27924.2,2024-03-19,huntkevin@example.net
338,Kimberly Taylor,['North America'],4,['Wholesaler'],35970.88,2022-10-24,leonard41@example.com
339,Lauren Barry,"['North America', 'Middle East', 'Africa', 'Asia', 'Middle East']",2,['Wholesaler'],18281.12,1995-11-13,erik21@example.com
340,Paul Smith,"['Africa', 'Africa']",5,"['Supplier', 'Supplier', 'Supplier', 'Supplier']",32557.54,1978-05-17,lfox@example.org
341,Dakota Potts,"['Africa', 'Africa', 'Middle East']",4,"['Manufacturer', 'Wholesaler', 'Wholesaler', 'Wholesaler']",30920.12,1983-01-19,nathanielmartin@example.org
342,Hannah Olson,"['Asia', 'Asia', 'Middle East']",2,"['Distributor', 'Manufacturer']",22455.03,2024-09-17,vscott@example.org
343,Jennifer Riley,['Europe'],1,['Manufacturer'],25124.2,2001-07-14,terrylaura@example.com
344,Ann Hampton,['Asia'],4,['Supplier'],19660.33,2005-11-07,bendergrace@example.net
345,Emily Snyder,"['Europe', 'Africa']",2,"['Wholesaler', 'Supplier', 'Supplier', 'Distributor']",19544.41,1997-08-12,heidiking@example.net
346,Jamie Washington,"['North America', 'Middle East', 'Africa', 'Africa']",1,"['Wholesaler', 'Supplier', 'Manufacturer', 'Distributor']",10084.38,1990-01-24,simstyler@example.org
347,Frederick Martinez,"['North America', 'Middle East', 'Asia', 'Africa']",2,"['Supplier', 'Manufacturer', 'Supplier']",28341.61,2020-06-23,michael79@example.org
348,William Lewis,"['Europe', 'Middle East', 'Africa', 'North America']",1,['Distributor'],13267.69,2007-01-22,evansian@example.com
349,Amy Anderson,"['North America', 'Asia', 'Africa']",5,"['Supplier', 'Supplier', 'Distributor', 'Wholesaler']",48490.66,1979-09-01,ramosjoshua@example.com
350,Caitlin Mccormick,['North America'],2,"['Wholesaler', 'Manufacturer', 'Supplier', 'Wholesaler']",16534.69,1977-02-06,gerald81@example.com
351,Curtis Webb,['Asia'],1,['Supplier'],42008.06,1981-12-06,andrew84@example.net
352,Michael Rios,"['Middle East', 'Africa']",3,"['Distributor', 'Manufacturer', 'Wholesaler']",16882.13,2013-06-29,renee85@example.com
353,Michelle Chambers,"['Europe', 'North America', 'Europe']",3,"['Manufacturer', 'Wholesaler']",12577.08,2021-05-27,pottsjohn@example.org
354,Mitchell Mcmillan,"['Europe', 'Middle East', 'North America']",3,"['Wholesaler', 'Supplier']",21032.23,1982-09-11,michelle92@example.net
355,Joshua Hall,"['Asia', 'Middle East', 'Africa', 'Middle East']",4,"['Manufacturer', 'Manufacturer', 'Supplier', 'Distributor']",34232.37,1995-12-31,jrice@example.com
356,Sarah Harris,['Asia'],2,"['Supplier', 'Distributor', 'Distributor', 'Wholesaler']",35234.36,2020-05-09,nashbilly@example.net
357,Jessica Hill,"['Africa', 'Asia', 'North America']",3,"['Wholesaler', 'Wholesaler', 'Supplier', 'Supplier']",10412.27,2001-11-25,charlottemitchell@example.org
358,Alyssa Hawkins,"['Africa', 'Asia', 'Asia']",4,"['Distributor', 'Distributor', 'Distributor', 'Manufacturer']",10362.7,2005-02-19,hayesjenny@example.org
359,Julie Gentry,"['Middle East', 'Africa', 'Africa', 'North America']",2,"['Distributor', 'Supplier']",23735.1,1992-02-14,santostasha@example.org
360,Amber Herrera,"['Asia', 'Africa', 'Middle East', 'Africa']",3,"['Supplier', 'Supplier']",32261.23,1973-01-07,fitzgeraldjason@example.net
361,Megan Frank,"['Asia', 'Middle East']",4,['Supplier'],46287.65,1993-07-25,cramos@example.com
362,Jack Sloan,"['Middle East', 'North America']",3,['Manufacturer'],30697.84,1986-08-13,onewton@example.org
363,Andrea Adams,"['Middle East', 'North America']",4,['Supplier'],49642.72,2010-08-26,ashleyjones@example.org
364,Cynthia Young,['Asia'],2,"['Wholesaler', 'Distributor']",24204.16,2015-07-30,scollier@example.org
365,Erin Booth,"['Asia', 'Middle East', 'Middle East']",1,"['Manufacturer', 'Manufacturer', 'Manufacturer', 'Distributor']",19959.47,2020-07-11,egarcia@example.org
366,Elizabeth Glover,"['Middle East', 'Europe', 'Africa', 'Asia']",5,['Wholesaler'],25650.48,1987-03-17,ejohnson@example.com
367,Robert Weaver,['North America'],4,"['Distributor', 'Wholesaler', 'Wholesaler']",30716.39,1992-02-03,kimberlyjohnson@example.com
368,Joe Olson,['Africa'],2,"['Wholesaler', 'Distributor']",19589.48,2025-11-23,poneal@example.net
369,Pamela Drake,"['Asia', 'North America']",4,"['Wholesaler', 'Distributor']",35958.33,1997-10-10,pdrake@example.com
370,Keith Johns,"['Asia', 'North America']",5,"['Distributor', 'Supplier']",15290.22,1990-09-16,hopkinsraymond@example.org
371,Craig Smith,"['Africa', 'Middle East', 'Middle East', 'North America']",4,"['Wholesaler', 'Manufacturer', 'Manufacturer', 'Distributor']",33959.66,2020-02-04,heather96@example.org
372,Thomas Dunn,"['Europe', 'Middle East', 'Europe', 'Asia', 'Asia']",3,"['Distributor', 'Manufacturer', 'Supplier']",31119.16,1996-04-19,jacqueline33@example.com
373,Erin Ramos,"['Asia', 'North America', 'Africa']",3,['Manufacturer'],45614.4,1991-10-20,michael39@example.net
374,David Ford,"['Middle East', 'Middle East', 'Europe', 'Europe', 'Africa']",2,"['Supplier', 'Wholesaler', 'Distributor', 'Manufacturer']",25494.7,1972-10-25,cody83@example.org
375,Jennifer Hill MD,"['Middle East', 'North America', 'Africa']",3,"['Manufacturer', 'Supplier', 'Distributor']",47051.61,1993-10-25,robinnunez@example.com
376,Andrew Garner,"['Middle East', 'Africa', 'Middle East', 'Asia', 'Asia']",4,['Wholesaler'],19175.36,2010-07-01,armstrongjoshua@example.net
377,Thomas Jimenez,"['North America', 'North America', 'Middle East', 'North America', 'Middle East']",4,"['Wholesaler', 'Manufacturer']",32134.82,1977-04-10,melissa04@example.com
378,Heidi May,"['Africa', 'Africa', 'Middle East']",4,['Wholesaler'],47827.28,1979-02-03,fblack@example.com
379,Jennifer Roach,"['Asia', 'Asia', 'Asia']",2,"['Manufacturer', 'Wholesaler']",46360.02,1970-08-05,theresarodriguez@example.com
380,Jennifer Walker,"['Middle East', 'Europe', 'North America', 'Asia']",4,['Supplier'],22906.5,1978-04-20,hubersharon@example.org
381,Monique Anderson,"['Asia', 'Asia', 'Middle East', 'Middle East']",4,"['Distributor', 'Wholesaler']",38781.78,2017-05-28,michael39@example.com
382,Richard Murray,['Middle East'],3,"['Supplier', 'Supplier']",26991.09,1991-08-02,dknight@example.net
383,Danielle Garcia,"['Europe', 'Asia', 'Asia']",1,"['Wholesaler', 'Supplier', 'Wholesaler', 'Wholesaler']",23193.22,1981-06-25,bbrown@example.org
384,Jacob Villanueva,['North America'],5,"['Supplier', 'Supplier']",48282.32,2014-07-01,jonathan37@example.net
385,Carmen Flores,"['Africa', 'North America']",1,['Distributor'],35475.28,2023-07-11,iking@example.com
386,Brittany Gonzalez,['Europe'],1,"['Wholesaler', 'Supplier']",30255.07,1990-11-10,edwardmills@example.net
387,Mario Mack,"['Asia', 'North America', 'Africa', 'Asia', 'Africa']",2,"['Wholesaler', 'Distributor', 'Manufacturer', 'Distributor']",16760.85,1974-01-28,brookspamela@example.org
388,Alexander Douglas,['North America'],3,"['Wholesaler', 'Distributor']",14729.31,1979-10-21,walkerjames@example.org
389,Joel Reyes,"['Africa', 'Asia', 'Africa']",1,['Manufacturer'],41410.47,1997-10-16,ejackson@example.net
390,Andre Taylor,"['Asia', 'Middle East']",2,"['Supplier', 'Manufacturer', 'Wholesaler']",40738.86,2017-12-08,luis57@example.com
391,Monica Joyce,"['Africa', 'Asia', 'Africa', 'Asia']",5,"['Supplier', 'Manufacturer', 'Manufacturer', 'Manufacturer']",33183.28,1999-07-30,manuel12@example.net
392,Shannon Bass,"['Europe', 'Europe', 'Asia', 'Africa', 'Africa']",3,['Distributor'],32216.14,1998-07-03,cchang@example.net
393,Jennifer Kramer,"['North America', 'North America', 'Asia', 'Middle East']",5,"['Distributor', 'Wholesaler', 'Supplier', 'Wholesaler']",14501.13,2014-07-15,kristin98@example.org
394,Adam Tucker,"['Asia', 'Asia', 'Middle East', 'Middle East']",4,"['Distributor', 'Supplier']",19036.94,1991-01-24,harrisemily@example.org
395,Brian Clements,"['Europe', 'North America']",3,"['Manufacturer', 'Wholesaler']",14425.45,1999-05-22,jennifer18@example.com
396,John Ray,"['Europe', 'Europe', 'Middle East', 'North America']",4,"['Manufacturer', 'Distributor', 'Manufacturer']",20257.13,2011-10-04,pdaniel@example.net
397,Virginia Evans,['Africa'],5,"['Supplier', 'Wholesaler']",24476.67,2008-10-24,kchandler@example.com
398,Leslie Smith,"['Europe', 'Europe', 'Europe']",4,['Wholesaler'],43357.15,2017-05-28,ayalachristopher@example.net
399,Lindsey Thompson,['Middle East'],5,"['Supplier', 'Manufacturer']",28049.91,1970-11-13,michelle46@example.com
400,James Hansen,"['Africa', 'Middle East']",2,"['Distributor', 'Wholesaler', 'Wholesaler']",11577.01,2025-06-09,gholt@example.org
401,Kristine Johnson,"['Asia', 'North America', 'Middle East', 'Middle East']",4,"['Supplier', 'Wholesaler', 'Manufacturer']",45985.36,2024-11-08,kramersamuel@example.org
402,Andrew Greene,['Asia'],1,"['Wholesaler', 'Wholesaler']",31493.01,1999-11-05,williamsaaron@example.net
403,William Berry,"['Middle East', 'North America', 'Europe', 'Europe']",2,"['Distributor', 'Wholesaler', 'Distributor']",11559.84,1985-07-27,williamfoster@example.org
404,David Price,"['Middle East', 'North America', 'North America', 'Middle East']",4,"['Manufacturer', 'Supplier', 'Distributor', 'Supplier']",39686.44,2012-12-04,jonesgreg@example.com
405,Ashley Pitts,"['Asia', 'North America']",2,['Manufacturer'],34537.32,2002-09-04,fnorris@example.org
406,Robert Mills,['Europe'],3,"['Manufacturer', 'Supplier', 'Wholesaler']",29434.42,2010-03-10,smithscott@example.org
407,Jordan Drake,"['Asia', 'Asia']",5,"['Wholesaler', 'Manufacturer']",45944.87,1994-02-02,gsmith@example.net
408,Anthony Wheeler,"['Africa', 'Asia', 'North America']",4,['Wholesaler'],26947.6,2007-11-04,daniellemosley@example.org
409,David Miller,['Africa'],2,"['Supplier', 'Supplier']",24774.32,1974-06-17,tsmith@example.net
410,Jennifer Harrison,"['Africa', 'Europe', 'Europe']",3,"['Distributor', 'Supplier', 'Manufacturer']",17682.43,2013-08-02,alexanderrobert@example.com
411,Kenneth Edwards,"['Asia', 'Asia']",5,['Wholesaler'],38954.28,1998-08-03,cody96@example.com
412,Tanner Bennett,"['Asia', 'Africa', 'Europe', 'Europe']",1,['Distributor'],28899.76,1990-02-18,murphycody@example.org
413,Terry York,"['Africa', 'Middle East', 'Europe', 'North America', 'North America']",4,"['Wholesaler', 'Distributor', 'Supplier']",46430.75,1996-09-15,rollinsderek@example.net
414,Jeffery Andrews,"['Middle East', 'Europe', 'Africa', 'Asia']",2,"['Wholesaler', 'Distributor']",10267.92,2008-09-15,victor48@example.net
415,Shannon Rios,"['Asia', 'Europe', 'Asia', 'Middle East', 'North America']",1,"['Manufacturer', 'Supplier', 'Manufacturer']",30891.21,2021-04-13,abecker@example.com
416,Jon Hernandez,"['Middle East', 'Africa', 'Africa']",4,"['Wholesaler', 'Distributor']",35167.25,1985-01-13,xpierce@example.org
417,Arthur Montgomery,"['Europe', 'Asia', 'Asia']",2,"['Supplier', 'Manufacturer']",49608.73,1982-04-10,baxtersteve@example.net
418,John Walker,"['Asia', 'Asia', 'North America', 'North America']",4,"['Distributor', 'Manufacturer', 'Supplier']",27747.25,2021-06-05,erin79@example.com
419,Ruben Ryan,['Middle East'],4,"['Manufacturer', 'Wholesaler', 'Supplier', 'Manufacturer']",33729.63,1994-03-13,jennifergonzalez@example.net
420,Timothy Mueller,['Africa'],2,"['Distributor', 'Distributor']",35462.81,1997-07-15,gellison@example.net
421,Stacey Tran,"['Europe', 'Africa']",3,"['Supplier', 'Manufacturer', 'Wholesaler', 'Manufacturer']",30182.42,2010-05-01,susan74@example.com
422,Christopher Shea,"['Asia', 'North America', 'Africa', 'Asia', 'Africa']",4,['Distributor'],19995.4,1987-03-24,fgonzalez@example.org
423,Aaron Black,"['Africa', 'Africa', 'North America', 'Middle East', 'Middle East']",4,"['Wholesaler', 'Supplier']",20465.68,2011-09-12,xgraham@example.net
424,Jennifer Ferguson,"['Middle East', 'Africa', 'Europe', 'Middle East']",4,"['Supplier', 'Wholesaler']",38089.16,1973-04-14,michellemiller@example.com
425,Jennifer Carroll,"['Africa', 'Asia', 'North America', 'Africa']",1,"['Wholesaler', 'Supplier', 'Manufacturer', 'Manufacturer']",36621.38,1989-01-07,jacksoneric@example.net
426,Lynn Thompson,"['Africa', 'Africa', 'Middle East', 'Europe', 'Middle East']",2,['Manufacturer'],23423.7,1987-05-26,grahamlisa@example.com
427,Jessica Thompson,['Asia'],4,"['Distributor', 'Distributor', 'Manufacturer']",40988.83,1997-07-21,janicethomas@example.net
428,Jade Hernandez,"['Africa', 'Asia']",3,"['Manufacturer', 'Distributor', 'Distributor', 'Manufacturer']",39250.67,2018-02-11,valerie39@example.net
429,Krista Freeman,"['Europe', 'Asia', 'North America']",2,"['Manufacturer', 'Wholesaler', 'Wholesaler', 'Manufacturer']",45189.33,2012-03-02,krystalmaxwell@example.org
430,Beth Allen,"['Asia', 'North America', 'Middle East', 'North America']",2,"['Distributor', 'Wholesaler', 'Wholesaler']",42188.88,1997-02-08,bmiles@example.com
431,Daniel Rodriguez,['Europe'],1,['Supplier'],24027.6,1993-06-29,josephcrawford@example.org
432,Christopher Campbell,"['Europe', 'Asia', 'Africa']",2,['Distributor'],48171.17,1996-10-03,marvinbaker@example.net
433,David Allen,"['Asia', 'Europe', 'Middle East']",2,['Wholesaler'],18052.09,1984-02-03,jasonwilliams@example.net
434,Katherine Todd,"['Africa', 'Europe']",3,['Distributor'],28258.51,2013-07-03,azamora@example.net
435,Robert Harmon,"['North America', 'Middle East']",4,"['Manufacturer', 'Supplier']",27700.41,2013-07-13,phyllisweeks@example.org
436,Amanda Vang,"['Europe', 'Europe', 'Middle East', 'Africa', 'North America']",4,"['Manufacturer', 'Distributor', 'Manufacturer', 'Supplier']",38515.88,2003-02-09,kestes@example.com
437,Monica Clark,"['Asia', 'Middle East', 'North America', 'Asia', 'Europe']",3,"['Manufacturer', 'Supplier', 'Distributor', 'Distributor']",31206.15,1986-04-04,xpace@example.org
438,Michael Fowler,"['Europe', 'Middle East', 'North America', 'Middle East', 'Asia']",2,"['Wholesaler', 'Wholesaler', 'Supplier', 'Manufacturer']",47986.82,2022-04-12,samantha28@example.org
439,William Walker,"['North America', 'Middle East', 'Asia', 'North America']",2,"['Manufacturer', 'Manufacturer', 'Distributor', 'Distributor']",36783.53,2012-02-13,ncoffey@example.org
440,Gary Jones,"['Europe', 'Europe', 'Middle East', 'North America']",4,"['Distributor', 'Distributor', 'Wholesaler', 'Distributor']",24692.09,1992-04-04,dustin05@example.com
441,Ryan Brennan,['Asia'],5,"['Wholesaler', 'Manufacturer']",48507.71,1996-07-08,margaretbrown@example.net
442,Sydney Powell,"['North America', 'Europe', 'Africa', 'Africa', 'North America']",3,"['Supplier', 'Distributor', 'Distributor']",33680.77,2022-11-15,adam56@example.org
443,Stacey Marquez,"['Middle East', 'Europe', 'Africa', 'Africa', 'Europe']",4,"['Supplier', 'Manufacturer', 'Manufacturer']",13812.42,2008-03-27,richard03@example.org
444,Edward Wilson,"['Africa', 'Europe']",2,['Distributor'],27715.48,1980-07-25,buckkristine@example.com
445,Crystal Stevens,"['Asia', 'Middle East']",4,"['Supplier', 'Manufacturer', 'Supplier', 'Wholesaler']",38907.13,2004-03-03,courtney24@example.com
446,Stephanie Chase,"['Africa', 'Middle East', 'Africa', 'Asia', 'Africa']",4,"['Supplier', 'Wholesaler']",21102.28,2021-01-28,bishopjohn@example.net
447,Susan Roberts,"['Africa', 'Europe', 'Middle East']",5,"['Manufacturer', 'Manufacturer', 'Manufacturer']",21699.95,2023-05-05,ahunter@example.com
448,Benjamin Mckinney,['Asia'],3,"['Supplier', 'Wholesaler', 'Supplier']",24695.94,2002-05-28,marygomez@example.com
449,Andre Fox DDS,"['Middle East', 'North America', 'Asia', 'Asia', 'Europe']",1,"['Distributor', 'Supplier']",28372.02,1987-11-12,alancoleman@example.com
450,Jeffrey Cervantes,"['Middle East', 'Europe']",3,['Supplier'],17755.36,2015-12-31,mario93@example.org
451,Molly Ross,['Middle East'],5,"['Manufacturer', 'Manufacturer']",28399.44,1976-02-09,amandamathis@example.com
452,Tanner Bell,['Middle East'],4,"['Wholesaler', 'Supplier', 'Distributor']",36994.82,1998-12-05,mnorris@example.com
453,Nathan Orozco,"['Europe', 'Europe']",2,"['Wholesaler', 'Distributor', 'Manufacturer', 'Supplier']",22975.59,1971-03-12,ypeterson@example.com
454,Jennifer Carter,"['Europe', 'Europe', 'Africa', 'Europe']",3,"['Manufacturer', 'Supplier']",24410.81,2008-03-09,johnsonruth@example.org
455,Aaron Johnson,"['North America', 'North America']",1,"['Wholesaler', 'Manufacturer']",22062.43,2023-03-07,nesparza@example.net
456,Shelly Hernandez,"['Asia', 'Europe']",4,"['Wholesaler', 'Supplier', 'Wholesaler']",10736.64,2021-05-02,madeline74@example.net
457,Thomas Williams,"['Africa', 'Africa', 'Middle East']",1,"['Distributor', 'Wholesaler', 'Manufacturer', 'Supplier']",14723.84,2016-04-25,brandimartin@example.org
458,Francisco Stewart,"['Europe', 'Africa', 'Middle East']",4,"['Distributor', 'Manufacturer', 'Wholesaler', 'Distributor']",31887.7,1994-12-18,james86@example.com
459,Michael Keith,"['Asia', 'Europe']",2,"['Wholesaler', 'Manufacturer', 'Manufacturer', 'Wholesaler']",12641.65,2009-06-25,karen66@example.com
460,Gabrielle Meyer,"['Asia', 'Africa', 'Middle East', 'Asia', 'North America']",4,"['Manufacturer', 'Wholesaler', 'Manufacturer', 'Supplier']",47020.04,2012-07-11,meadowscraig@example.net
461,Jenny Reed,"['Europe', 'Middle East', 'Asia', 'Middle East']",1,"['Distributor', 'Wholesaler', 'Supplier']",45582.24,1978-05-10,richard14@example.net
462,Robert Mason,"['North America', 'Europe', 'Asia', 'North America']",4,"['Supplier', 'Supplier', 'Manufacturer']",28399.13,1990-03-14,tina45@example.net
463,Martha Yang,"['Asia', 'North America', 'Africa', 'Middle East']",2,['Supplier'],17468.84,1973-05-17,dbrown@example.org
464,Dylan Nguyen,['Africa'],3,"['Wholesaler', 'Wholesaler', 'Distributor', 'Supplier']",12391.69,2021-12-26,patrick42@example.com
465,Lynn Robinson,"['Africa', 'Europe']",4,"['Supplier', 'Wholesaler', 'Manufacturer', 'Manufacturer']",34077.55,2001-06-06,leeraymond@example.net
466,Angie Evans,"['Asia', 'Europe']",3,['Distributor'],30556.69,1972-12-29,xallen@example.com
467,Shannon Woods,"['Europe', 'Middle East', 'Asia', 'Asia', 'Africa']",3,"['Distributor', 'Distributor']",14115.41,1982-03-18,vgutierrez@example.net
468,Jonathan Myers,"['Africa', 'Africa', 'Africa', 'Middle East', 'Middle East']",4,['Manufacturer'],44855.42,1991-10-16,cynthia26@example.com
469,Roy Hoover,['North America'],3,"['Supplier', 'Manufacturer']",13899.97,2009-03-09,samantha06@example.net
470,Tracey Medina,"['North America', 'Asia', 'North America']",3,"['Manufacturer', 'Manufacturer', 'Supplier']",23030.18,2012-10-28,bennetttammy@example.com
471,Mary Hartman,"['North America', 'North America', 'Middle East', 'North America', 'Africa']",3,['Manufacturer'],37345.76,1993-01-16,jeremykelly@example.net
472,Jeffrey Vasquez,"['Africa', 'Asia', 'Middle East', 'Middle East', 'Asia']",2,"['Distributor', 'Distributor']",25004.43,1974-11-27,josephmejia@example.org
473,Melissa Smith,"['Africa', 'Europe']",1,['Distributor'],41503.6,1988-07-22,pgonzalez@example.org
474,Kylie Lee,"['Africa', 'Africa', 'Asia']",2,['Supplier'],29198.56,1991-08-29,kendracollier@example.org
475,Charles Briggs,"['North America', 'Middle East', 'Africa', 'Middle East', 'North America']",2,"['Wholesaler', 'Distributor', 'Manufacturer', 'Manufacturer']",35451.49,1997-11-28,jenniferhorn@example.org
476,David Wu,"['Africa', 'Asia', 'North America']",4,"['Wholesaler', 'Manufacturer']",15509.92,1982-12-31,turnerchristina@example.net
477,Nicole Becker,"['Asia', 'Europe', 'Asia', 'Middle East']",1,"['Supplier', 'Distributor', 'Supplier', 'Supplier']",29791.68,1992-02-19,wcoleman@example.org
478,Robert Bradford,"['Asia', 'Middle East']",4,"['Supplier', 'Manufacturer', 'Distributor']",47267.41,1982-09-10,cparker@example.org
479,Melody Tucker,"['Europe', 'Europe', 'Africa', 'Asia', 'Asia']",1,"['Distributor', 'Wholesaler']",31578.1,1977-04-20,cowens@example.net
480,Julie Thomas,['Europe'],4,"['Wholesaler', 'Supplier', 'Distributor', 'Wholesaler']",27040.79,2023-10-08,mcdowelljames@example.com
481,Julia Smith,"['Europe', 'Europe', 'Middle East', 'Europe']",3,"['Supplier', 'Manufacturer', 'Distributor', 'Manufacturer']",11374.7,1996-02-04,lisa30@example.net
482,Tammy Church,"['Middle East', 'Asia', 'North America', 'Asia']",1,"['Manufacturer', 'Distributor', 'Manufacturer', 'Wholesaler']",16225.11,1995-09-26,marshsonya@example.com
483,Christina Bartlett,"['North America', 'North America', 'Asia']",5,"['Wholesaler', 'Distributor', 'Manufacturer', 'Distributor']",12373.37,1975-11-06,oleonard@example.com
484,Eric Kim,"['Europe', 'Africa', 'Europe', 'Asia', 'Asia']",3,"['Supplier', 'Supplier']",40877.36,1985-04-09,nicholas03@example.com
485,Mark Lucas,"['Asia', 'Asia', 'Europe', 'Europe']",4,['Distributor'],43327.89,1989-08-31,lacey59@example.org
486,Travis Campbell,"['North America', 'North America']",4,['Supplier'],41494.52,2000-02-07,joseph12@example.com
487,Maria Hernandez,"['Middle East', 'Middle East', 'Africa']",5,['Manufacturer'],28916.44,1988-08-28,hrussell@example.org
488,Jeanette Castillo,"['Asia', 'Europe', 'Middle East', 'North America']",3,"['Manufacturer', 'Distributor', 'Wholesaler', 'Manufacturer']",40732.22,2011-01-19,lkelly@example.com
489,Jason Farrell,"['Africa', 'North America', 'Middle East']",4,"['Supplier', 'Distributor']",14487.07,1987-07-25,greengeorge@example.org
490,Christian Stone,"['Asia', 'Asia', 'North America', 'Africa', 'Africa']",5,"['Distributor', 'Wholesaler', 'Manufacturer']",49514.24,1975-08-23,glong@example.com
491,Lisa Torres,"['Asia', 'Europe', 'Asia', 'North America', 'North America']",5,"['Wholesaler', 'Supplier', 'Manufacturer', 'Manufacturer']",36395.61,2011-05-16,blackburnamanda@example.net
492,Krista Horton,"['Middle East', 'Africa', 'Asia', 'Europe']",2,"['Wholesaler', 'Supplier']",10089.32,2005-03-31,newmandaniel@example.net
493,Richard Patel,"['Africa', 'North America']",3,"['Manufacturer', 'Distributor']",34787.48,2001-07-08,whitesandra@example.org
494,Tracy Solis,"['Middle East', 'Middle East', 'North America', 'North America']",5,"['Supplier', 'Supplier', 'Supplier', 'Wholesaler']",38744.87,2010-11-18,oprince@example.com
495,Matthew Scott,"['North America', 'Africa']",2,"['Manufacturer', 'Manufacturer', 'Manufacturer', 'Distributor']",40862.72,1999-07-20,kenneth95@example.net
496,Emma Brooks,"['Asia', 'Asia', 'Africa', 'Asia', 'Middle East']",2,['Wholesaler'],41674.64,2008-07-09,philiphoward@example.org
497,Debbie Mccann,"['Africa', 'North America', 'Asia', 'North America']",1,"['Supplier', 'Supplier']",48636.91,2005-09-12,sanchezruth@example.net
498,Jonathan Anderson,"['North America', 'Asia', 'North America', 'Asia']",3,"['Manufacturer', 'Wholesaler', 'Manufacturer']",20149.64,1995-11-05,popecharles@example.com
499,Cameron Peterson,"['Asia', 'Middle East', 'Europe', 'Asia', 'Africa']",1,['Manufacturer'],38820.69,1973-04-07,alexisreed@example.net
500,Alicia Lam,['Europe'],2,"['Distributor', 'Wholesaler']",38538.41,2005-11-14,ythompson@example.org
