supplier_id,supplier_name,supplier_region,supplier_rating,supplier_type,contract_value,onboarding_date,contact_email
1,Carly Garcia,Europe,4,Supplier,48413.84,2001-01-11,mmiller@example.org
2,Annette Rogers,Middle East,5,Wholesaler,33669.74,1973-05-11,daviscurtis@example.net
3,Tasha Yates,Africa,2,Manufacturer,36706.07,2015-05-06,dalton00@example.net
4,Grace Dunlap,Europe,4,Wholesaler,29577.6,1979-09-11,leepamela@example.net
5,Jennifer Wilson,Asia,2,Supplier,49320.86,1986-01-02,uwoodward@example.net
6,Laura Holmes,North America,1,Distributor,30795.21,1992-11-12,kweber@example.com
7,Savannah Guzman,Europe,1,Supplier,10877.91,1989-02-19,julia27@example.com
8,Danielle Lopez,Middle East,2,Manufacturer,29253.11,2015-07-04,hnguyen@example.org
9,Judith Jordan,Asia,4,Distributor,44439.31,2013-10-25,sstewart@example.com
10,Kelly Hoffman,Asia,4,Manufacturer,26499.1,1972-11-07,ishaffer@example.net
11,Beverly White,Europe,3,Wholesaler,49621.31,2020-05-14,cstephenson@example.org
12,Tyler Buckley,North America,5,Wholesaler,30599.31,2019-05-13,april43@example.org
13,David Lyons,Asia,2,Manufacturer,37523.97,2001-08-30,eric95@example.net
14,Mrs. Sharon Sanchez DDS,Africa,4,Manufacturer,43057.8,1993-08-07,landrymelissa@example.org
15,Samantha Goodman,Middle East,3,Wholesaler,21755.49,1985-08-21,fwebb@example.net
16,Eugene Burns,North America,4,Distributor,34482.11,2011-09-25,reedjoseph@example.org
17,Jeff Harris,Europe,4,Wholesaler,35751.87,1974-06-11,kimberly15@example.org
18,Heidi Jackson,Africa,4,Supplier,27039.41,2020-10-08,juan58@example.org
19,Russell Dixon,Asia,4,Manufacturer,11855.74,2021-08-28,samanthaharris@example.net
20,Victoria Key,Africa,1,Distributor,43397.85,1990-02-23,nguyenstephen@example.com
21,Jennifer Wilson,Asia,4,Distributor,49123.0,2022-01-20,gregorywilliams@example.com
22,Ryan Miller,Africa,2,Distributor,20653.7,1998-01-18,ferrellshelby@example.org
23,Thomas Lucas,Asia,2,Manufacturer,32398.22,2011-08-23,mesparza@example.net
24,Lisa Williams,Africa,1,Supplier,48068.05,1982-05-16,suttonsean@example.org
25,Alicia Daniels,Africa,3,Wholesaler,28439.96,1990-07-09,burtonkristin@example.com
26,Darlene Miller,North America,3,Wholesaler,22099.4,2006-02-25,portererik@example.com
27,Kyle Garcia,Middle East,2,Distributor,45917.7,1974-04-28,rodriguezcarolyn@example.net
28,Kelly Hoffman DVM,Middle East,2,Manufacturer,38725.9,1993-01-10,cassidyramirez@example.net
29,Gregory Burke,Asia,4,Distributor,13114.47,1981-12-10,carolyncasey@example.net
30,Duane Wilkinson,Africa,4,Wholesaler,36635.22,1998-01-26,sherrera@example.net
31,Nathaniel Smith,Middle East,2,Wholesaler,18439.43,1981-03-17,christopherramirez@example.net
32,Patrick Simpson,Africa,2,Wholesaler,15522.73,2007-01-19,peterwilson@example.net
33,Kathryn Brown,Europe,2,Manufacturer,30230.46,2015-02-03,alejandralee@example.com
34,Kristina Pittman,Middle East,2,Wholesaler,29542.87,1993-03-15,ssweeney@example.com
35,Bryan Jackson,North America,3,Manufacturer,15668.35,1987-02-22,hporter@example.org
36,Leslie Bailey,Middle East,5,Supplier,34630.67,2004-07-22,zachary04@example.com
37,Denise Fitzpatrick,Africa,4,Distributor,46042.8,1987-08-03,htorres@example.com
38,Tyler Perez,Africa,3,Wholesaler,30421.37,1999-01-11,mitchellheather@example.net
39,Sarah Campbell,Africa,1,Wholesaler,40135.03,2024-05-13,dzimmerman@example.org
40,Misty Mooney,Africa,4,Manufacturer,12519.71,2009-09-22,nweaver@example.com
41,Laura Williams,Europe,3,Supplier,40117.89,2002-11-23,jeanettemartinez@example.com
42,Daniel Paul III,North America,3,Manufacturer,21487.8,2013-05-18,lisa39@example.org
43,Courtney Burton,North America,3,Wholesaler,48871.16,1992-11-13,allenthompson@example.net
44,Sandra Barrett,Europe,4,Manufacturer,23624.04,2006-08-20,fordsarah@example.com
45,Scott Bishop,Africa,3,Manufacturer,16775.61,2002-03-30,robertskatie@example.net
46,Matthew Evans,Africa,5,Manufacturer,27610.41,1977-12-16,katherine54@example.net
47,Jennifer Riggs,Asia,1,Distributor,35634.47,1983-10-15,johnsonchristopher@example.org
48,Nicole Gomez,Europe,2,Distributor,21161.75,2020-09-06,jacqueline65@example.net
49,Jillian Henderson,North America,4,Supplier,37882.05,2023-02-12,carl05@example.org
50,Robert Hess,Africa,2,Supplier,10193.13,2006-07-15,robertsontanya@example.com
51,Benjamin Sullivan,Middle East,1,Supplier,38092.15,2023-07-02,phillip04@example.com
52,Barbara Fisher,North America,2,Wholesaler,49780.77,2005-03-05,aaronorozco@example.org
53,Yolanda Harvey,Europe,2,Wholesaler,19399.08,2023-09-28,denise58@example.com
54,Hunter Mathis,Middle East,4,Manufacturer,22448.43,1975-06-02,schaeferstephen@example.com
55,Beverly Hawkins,North America,4,Manufacturer,31475.32,2018-06-11,christinecochran@example.net
56,Kristen Smith,Middle East,2,Distributor,36605.04,2024-03-07,maciasjonathan@example.org
57,John White,North America,2,Manufacturer,49496.18,1975-10-01,christopher92@example.net
58,Rachel Moran,Asia,2,Manufacturer,21460.28,2000-11-05,stephenli@example.org
59,Christy Wilson,Europe,4,Distributor,30063.14,1995-11-06,zcontreras@example.net
60,David Lynch,Asia,4,Supplier,16894.01,2022-08-10,johnsontara@example.com
61,Derek Thompson,Africa,1,Distributor,13620.04,2003-07-16,ocollins@example.org
62,Jennifer Holland,Europe,5,Supplier,17264.01,2019-07-07,nataliebass@example.com
63,Tamara Jackson,North America,1,Supplier,46944.93,1979-11-20,matthewmcdowell@example.org
64,Russell Keller,Europe,4,Wholesaler,36951.03,1971-06-30,hburgess@example.org
65,Charlotte Aguirre,Africa,2,Manufacturer,12975.65,1991-10-18,grantshannon@example.com
66,Randall Hill III,Middle East,5,Supplier,30155.21,2024-10-14,deaton@example.org
67,Alicia Grant,Europe,2,Distributor,36957.9,1973-05-10,davidsonjames@example.com
68,Janice Gibson,Middle East,1,Supplier,44727.18,1992-03-17,mezarobert@example.org
69,Sandra Webb,Middle East,4,Wholesaler,29832.08,1996-04-28,zroach@example.org
70,Melissa Lopez,Africa,4,Manufacturer,38236.02,1997-02-07,tina61@example.org
71,Ashley Jones,Middle East,3,Manufacturer,31389.49,2021-02-27,joseph51@example.net
72,Kristina Lee,Asia,4,Supplier,43398.74,2019-11-22,michaelkline@example.org
73,Jamie Dennis,Asia,2,Supplier,35311.61,2016-09-29,susanrivera@example.org
74,Kimberly Miller,Africa,4,Supplier,11779.95,2007-05-20,harrischristopher@example.com
75,Angela Richardson,North America,1,Distributor,47251.98,1982-09-20,kthompson@example.com
76,Joseph Cross,Middle East,5,Manufacturer,15899.66,2012-06-26,sandradickson@example.net
77,Maria Bowers,Europe,2,Manufacturer,11514.32,1997-01-03,igarner@example.com
78,Cynthia Snyder,Asia,4,Wholesaler,20940.61,2023-02-16,harmonsteven@example.org
79,Melanie Grimes,North America,5,Manufacturer,17869.84,1991-02-25,claudiaanderson@example.net
80,Raymond Wilson,Europe,5,Manufacturer,47626.86,2019-10-31,jenningsmargaret@example.org
81,Cynthia Johnson,Europe,3,Distributor,22538.04,2011-01-21,jaclynjohnson@example.com
82,Kevin Flores,Middle East,5,Distributor,40597.86,1971-07-14,william25@example.net
83,Sheri Freeman,North America,3,Supplier,42391.83,1971-08-27,phyllismartin@example.org
84,Maria Black,Middle East,1,Distributor,31351.69,1986-04-25,fryejason@example.com
85,Madison Peters,Africa,4,Distributor,33753.34,1988-11-23,zellis@example.net
86,Betty Smith,Africa,5,Manufacturer,19518.67,2003-12-31,nguyensteven@example.net
87,Marcus Miles,North America,4,Distributor,37304.32,1991-07-20,duartemargaret@example.com
88,Alexis Cruz DDS,North America,3,Supplier,49043.62,1980-08-30,kennethsalinas@example.net
89,Erika Thompson,Asia,3,Distributor,16063.57,1982-12-21,mathisjason@example.org
90,Jessica Alvarez,Middle East,4,Wholesaler,47729.77,1973-12-26,melissa19@example.org
91,Miranda Rice,Asia,1,Supplier,33136.37,2023-05-06,dennisjames@example.net
92,Elizabeth Brown,Europe,4,Supplier,22866.46,2005-09-18,meyermartin@example.com
93,Kelsey Ponce,Europe,1,Distributor,31994.4,1993-08-27,cpaul@example.net
94,Alicia Madden,North America,3,Wholesaler,30022.06,2000-11-13,leericardo@example.com
95,Natalie Mason,North America,5,Distributor,37413.15,2020-02-15,jacob76@example.com
96,Dana Grimes,Europe,3,Distributor,29536.92,1976-01-24,egarcia@example.net
97,Brian Everett,North America,2,Distributor,38391.14,2006-01-12,nicole45@example.org
98,John Skinner,North America,4,Distributor,43391.93,1995-10-05,millerjared@example.net
99,Melinda Willis,North America,3,Distributor,23422.0,1982-06-25,gomezsean@example.org
100,Joseph Bryan,Europe,3,Distributor,33638.45,1972-06-06,alexandra19@example.org
101,Christina Summers,Europe,3,Distributor,44978.66,1980-07-26,george95@example.net
102,Jonathan Brown,Africa,1,Wholesaler,37439.81,1994-01-08,grahamalejandro@example.com
103,Erin Hall,Middle East,4,Supplier,10988.77,1994-05-01,ljackson@example.com
104,Sandra Camacho,North America,4,Supplier,30469.22,1977-10-10,andrewsjessica@example.net
105,Amber Lowe,North America,2,Supplier,36289.13,2012-02-21,angeladiaz@example.org
106,Deborah Myers,Europe,3,Supplier,30807.41,1978-07-13,danielhubbard@example.net
107,Megan Mendoza,North America,4,Wholesaler,10734.53,2012-05-26,alyssahutchinson@example.com
108,Sherry Ortiz,Europe,1,Manufacturer,23255.57,1996-03-28,nicholas95@example.com
109,Jimmy Duffy,North America,4,Supplier,47991.12,2016-04-09,murraykevin@example.com
110,Edward Patterson,Africa,4,Distributor,28362.7,2010-11-25,travisschneider@example.org
111,Justin Mosley,Asia,2,Supplier,49359.64,1983-04-18,barkercynthia@example.org
112,Heather Durham,North America,1,Supplier,12098.33,2013-04-21,murphybrent@example.net
113,Daniel Owens,Asia,1,Distributor,49755.88,1990-11-07,ramirezhailey@example.net
114,Brian Little,Europe,3,Wholesaler,22600.71,2013-11-05,sarah72@example.com
115,Julie White,Middle East,2,Wholesaler,21554.12,2019-12-06,fmorris@example.com
116,Mr. Johnny Newton PhD,Asia,3,Wholesaler,24625.65,2012-07-28,bfletcher@example.com
117,Randall Porter,Europe,5,Distributor,18448.76,1977-09-11,wesley99@example.com
118,James Montgomery,Europe,4,Manufacturer,32327.46,1999-03-02,lawrence23@example.net
119,Samuel Gilbert,North America,2,Supplier,24909.47,1970-02-21,isilva@example.org
120,Susan Vega,Europe,4,Manufacturer,37764.34,2005-10-02,edwardstrevor@example.com
121,John Wolfe,Asia,1,Wholesaler,44478.26,2003-08-25,myersjoshua@example.com
122,Sean Guzman,Asia,4,Manufacturer,37412.92,2010-01-26,cervantesmichelle@example.org
123,Ann Mitchell,Asia,5,Manufacturer,21570.29,2011-08-25,jenny65@example.org
124,Terry Robles,Africa,4,Distributor,26233.44,1975-03-23,tuckerdavid@example.net
125,Melissa Miller,North America,5,Wholesaler,11539.39,1981-01-17,thomas03@example.net
126,Paula Taylor,Europe,2,Manufacturer,36765.1,1987-01-16,ebonyyoung@example.com
127,Cynthia Holland,Middle East,1,Manufacturer,20159.02,1985-11-30,campbelllori@example.org
128,Andrew Miller,North America,2,Distributor,23645.96,2016-05-14,ali@example.net
129,Tracy Warner,Asia,5,Supplier,32425.29,2019-04-17,skinnerruben@example.org
130,Darryl Williams,Europe,1,Distributor,30261.83,1997-09-07,michaelburton@example.org
131,Julia Reyes,Asia,5,Wholesaler,37404.85,2016-09-19,mrice@example.org
132,Richard Miller,Europe,3,Wholesaler,49551.1,2018-04-23,david48@example.net
133,Cindy Jones,North America,5,Manufacturer,36475.07,2010-09-08,wparker@example.org
134,Jerry Olson,Middle East,2,Wholesaler,41182.0,1976-03-24,jessica03@example.org
135,Emma Lewis,Asia,4,Wholesaler,26538.5,2023-03-29,colemannathaniel@example.org
136,Dawn Holmes,Europe,4,Wholesaler,30881.25,2006-09-14,mercadojacqueline@example.org
137,Barry Howard,North America,2,Manufacturer,13532.25,1994-10-12,molly02@example.com
138,Madison Gallagher,Middle East,2,Manufacturer,30133.84,1975-05-04,jesse96@example.net
139,Erica Wilson,Asia,3,Wholesaler,46439.59,2022-04-03,xcarrillo@example.com
140,Michele Brown,North America,4,Wholesaler,24821.18,2013-10-06,valenciajessica@example.com
141,Carol Hawkins,Middle East,2,Supplier,30222.56,1975-10-04,jamesatkins@example.org
142,Mathew Phillips,Europe,2,Manufacturer,37649.76,1995-06-19,julie89@example.com
143,Michael Koch,Middle East,2,Manufacturer,25746.54,2004-04-09,lauramcgee@example.net
144,Valerie Medina,Middle East,4,Supplier,25553.12,2026-03-20,scottnathaniel@example.com
145,Teresa Little,Europe,2,Wholesaler,22621.84,2006-09-04,bwhite@example.com
146,David Williams,Africa,5,Wholesaler,10837.21,1988-04-20,courtney84@example.org
147,Taylor Mason,North America,4,Manufacturer,19192.96,1983-02-19,ramirezdesiree@example.org
148,Megan Gonzalez,Europe,5,Supplier,21729.79,1982-08-05,stevenburton@example.org
149,Ashley Padilla,Middle East,3,Wholesaler,15016.92,1986-05-26,longnicholas@example.net
150,Mary Orozco,Asia,3,Wholesaler,31420.1,1996-11-11,hailey90@example.com
151,John Kent,Middle East,4,Manufacturer,15083.49,2026-04-14,xwilliams@example.com
152,Roberta Carrillo,Africa,5,Distributor,29992.51,1984-11-10,jeff68@example.com
153,Ryan Hill,North America,3,Distributor,24470.96,2025-03-29,carolineweeks@example.org
154,Nancy Patrick,Europe,5,Manufacturer,48563.63,1975-07-03,teresa52@example.org
155,Karen Coleman,Europe,4,Wholesaler,38093.98,1971-07-21,chanson@example.org
156,Rhonda Thomas,North America,1,Manufacturer,17908.45,1979-11-17,john50@example.com
157,Jillian Eaton,Europe,3,Wholesaler,25458.69,2000-02-13,eric56@example.com
158,Rachel Martinez,Middle East,2,Supplier,46509.51,2006-01-25,megan07@example.com
159,Kristen Roberts,Africa,1,Manufacturer,20485.41,1976-06-05,janetparker@example.com
160,Jimmy Jackson,North America,4,Wholesaler,32067.63,1983-08-28,michaelcharles@example.com
161,Christy Golden,Africa,2,Manufacturer,19266.56,1973-04-22,ericnichols@example.net
162,Angelica Jenkins,Africa,2,Distributor,11299.24,2013-12-29,hlewis@example.org
163,Linda Bowers,Asia,5,Wholesaler,14048.36,1994-10-13,jordanpamela@example.org
164,Kelly Riggs,North America,5,Supplier,28583.41,2024-06-08,john76@example.net
165,Craig Herman,Africa,4,Supplier,27245.8,1973-03-01,scott73@example.net
166,Jessica Ruiz,Africa,4,Wholesaler,40344.24,1989-01-08,deborah68@example.com
167,Lori Jimenez,Europe,4,Wholesaler,21681.03,1980-12-07,mmendoza@example.org
168,Toni Burns,Africa,3,Manufacturer,46085.58,1973-07-04,alexa32@example.com
169,Stephanie Mueller,Middle East,1,Wholesaler,37380.78,2005-08-31,kellyschroeder@example.org
170,Frederick Wilson,North America,2,Manufacturer,33726.97,1976-07-16,michaelrobertson@example.com
171,Barbara Tanner,Middle East,3,Distributor,36258.78,1971-07-10,jaredwatson@example.net
172,Edward Barrett,North America,1,Manufacturer,22540.63,2014-06-02,adunn@example.com
173,Johnny Morton,North America,2,Manufacturer,34589.9,2007-11-04,alejandro79@example.net
174,Jeanne Marshall,Asia,3,Manufacturer,41845.43,2017-03-24,michael85@example.org
175,Tamara Chapman,Europe,5,Distributor,42453.13,2006-07-18,jamie00@example.com
176,Jeffrey Scott,Africa,3,Distributor,25874.61,2025-12-27,evansthomas@example.net
177,James Knox,Middle East,2,Wholesaler,19243.69,1974-04-13,amywood@example.org
178,Edward Burke,Africa,4,Distributor,35219.16,1999-10-13,kristen93@example.com
179,Michaela Garner,Asia,5,Distributor,28228.45,2022-06-29,kevingray@example.net
180,Brenda Gonzalez,Middle East,1,Supplier,22828.5,1980-01-02,zunigaapril@example.net
181,David Donaldson,Europe,4,Supplier,32741.01,2005-03-15,campbelljoe@example.com
182,Nathan Sellers,Africa,5,Manufacturer,46318.5,2004-04-14,shawn13@example.com
183,Mr. Andre Brennan,Africa,5,Distributor,21154.81,1996-09-04,megansmith@example.org
184,Kimberly Bailey,North America,2,Supplier,29174.61,2009-05-08,william95@example.net
185,Kaylee Golden,Africa,3,Manufacturer,30516.26,2026-06-01,andrewscandice@example.com
186,Sharon Horne,North America,3,Distributor,12477.91,1983-11-15,omeyers@example.com
187,Scott Brown,North America,4,Supplier,15378.42,2015-02-05,williamschristie@example.net
188,Anthony Bartlett,Africa,3,Distributor,15327.44,2009-07-03,kennedymark@example.com
189,Michael Riley,Europe,2,Wholesaler,43251.31,1991-04-14,glassraymond@example.net
190,Ryan Martin,Middle East,2,Supplier,15198.59,1997-09-23,haleygonzalez@example.org
191,Jose Carr,Africa,2,Manufacturer,47215.03,2018-06-10,pwilliams@example.net
192,Amanda Ward,Asia,5,Distributor,32771.74,1990-08-25,michelledennis@example.com
193,Gabriela Bauer,Asia,4,Distributor,34671.26,1999-11-16,brianna87@example.net
194,Kyle Branch,Europe,2,Supplier,36171.31,1982-11-24,josephingram@example.net
195,Denise Lloyd,Asia,2,Distributor,48897.33,1982-04-05,waltersamy@example.com
196,Kathleen Rose,Asia,5,Wholesaler,22451.84,2025-07-09,jjenkins@example.net
197,Mark Sims,North America,3,Wholesaler,31369.39,2021-05-03,kbeltran@example.com
198,Judy Walker,North America,4,Supplier,33773.77,1991-10-29,ashleyperry@example.com
199,Mathew White,Middle East,4,Distributor,37556.9,1976-05-09,smartin@example.net
200,Michelle Mcintyre,Africa,1,Manufacturer,20557.86,2010-08-31,ricardo24@example.com
201,Cynthia Wells,Middle East,4,Manufacturer,23086.4,1978-12-16,dominic51@example.org
202,David King,Africa,5,Wholesaler,23003.54,2004-01-31,sbeck@example.com
203,Erin Hughes,Asia,3,Distributor,20337.36,1979-04-28,vhopkins@example.org
204,Douglas Herring,Middle East,3,Supplier,17165.72,2007-06-22,jacobskaren@example.net
205,Brenda Pratt,Asia,2,Manufacturer,49510.95,1992-04-29,mistynguyen@example.org
206,Marcus Cole,North America,2,Manufacturer,36926.25,1996-12-21,craigholmes@example.org
207,Stephanie Donaldson,Asia,5,Manufacturer,23618.6,1971-05-28,eperry@example.org
208,Henry Cisneros,Middle East,3,Supplier,28036.01,1986-07-09,cmcmahon@example.net
209,Tara Goodman,Europe,4,Wholesaler,25937.87,2011-12-04,luisjones@example.net
210,Stephen Nelson,Asia,3,Manufacturer,48182.1,1976-05-17,jamesrobertson@example.net
211,Steven Nguyen,Africa,3,Wholesaler,33410.34,1988-04-16,conniesummers@example.com
212,James Gentry,Middle East,5,Supplier,48105.05,1996-05-29,matthew54@example.com
213,Judith Riley,Asia,2,Distributor,30144.42,2019-05-11,kaylacarpenter@example.org
214,Angela Madden,Middle East,2,Distributor,46110.12,2010-12-31,ewood@example.com
215,Tara Bowen,Asia,3,Distributor,46168.53,1981-04-15,warnerkristie@example.com
216,Diane Cummings,Europe,2,Supplier,24038.51,2000-03-10,tamara23@example.com
217,Kari Hughes,Africa,5,Wholesaler,25039.19,2024-11-10,holtcheryl@example.org
218,Elizabeth Benjamin,Africa,2,Supplier,14701.32,2017-11-14,crystal56@example.net
219,Scott Ho,Middle East,3,Supplier,38034.04,1996-05-14,lmadden@example.net
220,Larry Wilson,Africa,3,Distributor,48222.12,2007-11-18,lawrence60@example.org
221,John Parks,North America,3,Supplier,41577.72,2024-04-29,khardy@example.com
222,Anita Schaefer,Europe,2,Wholesaler,36965.84,1989-10-20,richardlee@example.net
223,Sara Lawrence,Europe,1,Manufacturer,15712.11,1993-12-15,taylorallen@example.net
224,Cory Williams,North America,3,Wholesaler,21860.6,1988-03-28,carterbrandy@example.net
225,Alex Gaines,Africa,3,Supplier,29969.0,2006-02-18,ifrost@example.net
226,Jordan Silva,Asia,2,Supplier,27767.98,2019-10-23,smithmonica@example.com
227,Rodney Patel,Africa,4,Supplier,40485.75,2006-03-28,shannon64@example.org
228,Jasmine Johnson,Middle East,3,Distributor,43634.1,1974-07-04,uashley@example.com
229,James Nolan,Asia,5,Manufacturer,29085.43,1983-02-11,taylor00@example.net
230,Julia Potter,Africa,1,Wholesaler,12865.1,2006-08-31,davidjones@example.org
231,Alexis Hansen,Europe,4,Wholesaler,25370.98,1985-09-16,fmiller@example.com
232,Bradley Dennis,Europe,4,Wholesaler,38488.96,1992-10-25,elizabeth14@example.com
233,Michael Sandoval,Asia,3,Wholesaler,32445.96,2018-11-24,jessicamoore@example.org
234,Jean Underwood,Asia,2,Distributor,28574.13,2001-04-12,joycecarlos@example.com
235,Brian Davis,Asia,5,Manufacturer,16365.04,1977-06-05,staylor@example.org
236,John Rivera,Africa,2,Manufacturer,14014.59,2007-06-05,vcooper@example.com
237,Vincent Herman,Asia,5,Supplier,13600.56,2002-12-13,lambertlisa@example.com
238,Dana Lester,Middle East,2,Distributor,10761.22,1973-12-15,xmoore@example.com
239,Randy Williams,North America,2,Manufacturer,34556.45,1979-10-28,zriggs@example.org
240,Tina Garcia,Middle East,4,Manufacturer,11733.26,1980-08-25,phillipwalton@example.net
241,Stephanie Brown,Asia,1,Supplier,33171.47,2004-09-11,zduncan@example.com
242,Danny Watts,Asia,1,Wholesaler,27120.68,1994-03-07,joneslinda@example.net
243,Justin Walker,Africa,5,Wholesaler,41290.12,2018-05-24,jesse96@example.org
244,Angela Franklin,Europe,3,Manufacturer,20796.04,1989-12-18,daniellopez@example.net
245,Jesse Cox,Asia,4,Supplier,43656.55,1997-12-26,travis11@example.net
246,Carrie Burton,Africa,4,Manufacturer,22826.03,1998-03-26,wardmichelle@example.com
247,Stephen Murray,Asia,3,Wholesaler,22784.48,2017-07-04,james76@example.net
248,Kevin Garrison,Asia,1,Supplier,38569.03,2014-10-06,morgan20@example.net
249,Rebecca Wong,Europe,1,Manufacturer,12803.18,2016-12-23,ochapman@example.com
250,Teresa Hayes,Europe,1,Distributor,44056.69,1973-11-15,stuartdominique@example.net
251,Shelley Trujillo,Europe,3,Manufacturer,13896.58,1996-12-15,melindajones@example.net
252,Alex Kennedy,Europe,2,Distributor,26215.44,2006-02-22,lisa83@example.com
253,Wendy Rogers,Europe,2,Manufacturer,13050.98,2020-12-26,ssmith@example.net
254,Mary Schroeder,North America,4,Manufacturer,10158.11,2019-03-09,elizabeth91@example.org
255,Sarah Turner,Asia,5,Manufacturer,11160.29,2012-10-18,sarah72@example.net
256,Shannon Rice,Europe,5,Manufacturer,28830.65,1998-07-14,sylviajenkins@example.org
257,Jessica Cruz,North America,3,Wholesaler,37743.69,2011-10-04,timothy68@example.com
258,Heidi Mills MD,Europe,2,Supplier,28213.62,1993-12-28,adamswilliam@example.org
259,Roger Gonzalez,North America,4,Wholesaler,10273.04,2017-03-19,jamesschmidt@example.com
260,Kevin Henson,Middle East,4,Supplier,10543.99,2015-05-27,browntodd@example.net
261,Sean Hughes,Middle East,2,Supplier,31242.99,2015-11-28,ablankenship@example.org
262,Kimberly Allen,Middle East,3,Distributor,40529.45,1997-04-25,ewilcox@example.org
263,Sherry Landry,Europe,2,Supplier,29642.2,1999-08-08,ramosnathaniel@example.net
264,Kristen Murray,North America,3,Manufacturer,16359.9,2024-04-25,whitakermarissa@example.com
265,Michael Smith,North America,3,Supplier,38509.52,2010-02-28,peterscharlene@example.net
266,April Hatfield,Europe,1,Manufacturer,45549.17,1974-05-16,danieljames@example.net
267,Kimberly Nguyen,Asia,3,Manufacturer,23403.63,2020-08-08,kristin56@example.com
268,David Montgomery,Middle East,2,Supplier,18183.32,2018-04-03,ginachoi@example.com
269,John Stanton,Europe,4,Manufacturer,47786.87,1987-06-09,mooredustin@example.net
270,Tyler Andersen,Africa,3,Supplier,45187.71,2005-10-12,angel52@example.net
271,Tiffany Lynch,Asia,1,Distributor,11810.32,2026-01-13,barronbrandon@example.org
272,Whitney Guerrero,Middle East,2,Wholesaler,38164.76,1974-02-27,xdoyle@example.org
273,Alexander Rodriguez,North America,3,Manufacturer,26985.04,1980-08-19,owood@example.net
274,James Hutchinson,Asia,4,Manufacturer,13271.82,1991-11-13,natashawerner@example.net
275,Stephanie Ramirez,Asia,4,Manufacturer,21572.2,2011-10-08,alanchavez@example.com
276,William Copeland,Middle East,2,Wholesaler,36936.97,2025-06-08,gail88@example.org
277,Andrew Torres,Middle East,2,Supplier,35535.88,2011-06-21,courtneyfoster@example.org
278,Tracy Miller,Asia,2,Manufacturer,28194.86,1993-05-18,zharrison@example.net
279,Richard Jenkins,North America,4,Supplier,12487.42,1979-04-17,robertbell@example.net
280,Jennifer Flores MD,Middle East,4,Distributor,31052.79,1991-03-10,danny77@example.org
281,Eric Pena,Middle East,5,Distributor,37047.54,2000-07-03,angelicajohnson@example.org
282,Brian Cole,Europe,1,Manufacturer,12293.38,1998-10-06,hsavage@example.net
283,Melissa Mayer,Middle East,4,Wholesaler,44734.45,1982-12-17,laura74@example.com
284,Angela Hancock,Africa,2,Supplier,13021.03,2017-08-16,wilsonjohn@example.com
285,Sarah Hicks,Asia,2,Supplier,34181.73,1978-06-26,thompsonnicholas@example.net
286,Hunter Martin,Asia,2,Wholesaler,22847.24,1991-07-03,annalove@example.org
287,Eric Hernandez,North America,5,Manufacturer,47247.05,2012-12-23,fsims@example.com
288,Kristy Shelton,Middle East,3,Supplier,25313.72,1993-04-07,uhess@example.com
289,Amanda Graves,Asia,3,Wholesaler,29644.57,2007-04-14,williamsevelyn@example.com
290,Victoria Crane,Asia,1,Wholesaler,43285.0,2008-10-15,sandovalsarah@example.net
291,Colleen Gomez,North America,1,Manufacturer,34066.78,2011-12-07,nicholassmith@example.com
292,Valerie Morgan,Africa,2,Wholesaler,15513.86,2000-09-24,caldwellanne@example.org
293,Amy Flores,Asia,3,Distributor,27988.49,2013-07-19,dmcdaniel@example.com
294,Elizabeth Galvan,Middle East,4,Wholesaler,42282.39,2000-06-29,rodriguezsamuel@example.com
295,Jesus Stevens,Africa,4,Wholesaler,25725.39,2007-08-17,tracyanderson@example.org
296,Zachary Shaw,Europe,4,Wholesaler,40981.44,1980-09-01,erikmurphy@example.org
297,Julia Berry,North America,5,Manufacturer,22600.01,1991-10-06,huntmatthew@example.net
298,David Dickerson,Europe,1,Wholesaler,27957.05,1989-04-03,rlove@example.org
299,Christopher Stewart,Middle East,3,Supplier,34482.43,2002-03-17,vincent71@example.com
300,Teresa Gray,North America,2,Supplier,32015.82,2015-04-26,ojohnson@example.org
301,Jennifer Clark,Asia,3,Manufacturer,14066.1,1978-01-20,walkerjulie@example.net
302,Deanna Alvarado,Asia,2,Supplier,47264.22,2010-09-02,james78@example.net
303,Michael Rodriguez,Europe,1,Wholesaler,27893.54,2002-08-23,livingstonthomas@example.com
304,Tyler Hernandez IV,Asia,4,Supplier,15459.2,2004-05-12,garybradley@example.com
305,Randy Ward,Middle East,2,Supplier,41778.7,1994-09-12,nelsonpamela@example.org
306,Julie Townsend,Africa,1,Supplier,32266.16,2014-07-07,russell53@example.org
307,Stephen Atkinson,North America,5,Supplier,34351.12,2018-02-23,gerald34@example.org
308,David Rogers,Middle East,4,Supplier,49988.24,2010-11-24,michelle26@example.com
309,Austin Moyer,Europe,3,Supplier,42364.94,2010-06-11,annsolis@example.org
310,Mitchell George,Middle East,2,Manufacturer,45979.61,2019-04-26,crosbyaustin@example.com
311,Joseph Mcdowell,Africa,3,Manufacturer,49004.27,1982-12-28,robert10@example.com
312,Jerome Miller,Middle East,4,Distributor,41947.07,1991-10-01,julianjacobs@example.net
313,Justin Harmon,Asia,2,Distributor,35824.39,2008-06-24,jessica89@example.com
314,Brittany Daniel,Europe,3,Distributor,21421.46,2023-04-29,kim37@example.com
315,Joel Garcia,Asia,3,Distributor,29768.33,2006-07-10,ramirezcharles@example.net
316,Mrs. Diana Ramirez,North America,3,Supplier,12583.43,1996-10-25,coxbrian@example.org
317,Amanda Daniels,Middle East,5,Wholesaler,40323.12,1990-12-21,terrycory@example.org
318,Shelby Castillo,Asia,4,Manufacturer,46369.94,2011-03-21,lisa54@example.org
319,Michael Harris,North America,3,Wholesaler,35629.66,2012-12-25,davidhumphrey@example.org
320,Alejandra Patterson,Middle East,5,Distributor,16073.3,1994-09-06,johnsonvanessa@example.org
321,Courtney Williams,Asia,5,Wholesaler,23284.93,2003-09-04,swilliams@example.org
322,Dillon Simmons,Europe,1,Manufacturer,47702.76,1989-12-16,zachary93@example.org
323,James Martinez,Middle East,2,Manufacturer,22147.95,2017-04-23,hsmith@example.com
324,Carl Davis,Middle East,3,Wholesaler,48229.04,1999-01-20,kathrynconner@example.com
325,Samuel Gilmore,Europe,3,Distributor,49699.26,2013-12-24,kathleengilmore@example.com
326,Felicia Valencia,North America,4,Manufacturer,31093.18,2021-08-30,sylviashannon@example.org
327,Laura Johnson,Africa,3,Manufacturer,14814.44,1987-07-08,joshuadonovan@example.com
328,Brent Nguyen,North America,3,Supplier,44377.41,1997-09-03,bradleyjordan@example.org
329,Dana Johnston,Middle East,2,Wholesaler,26091.06,1983-05-24,rschwartz@example.com
330,Crystal Jones,Europe,1,Distributor,17578.7,2005-12-31,amber25@example.com
331,Laura Campbell,North America,3,Supplier,26050.68,2022-12-23,tcollins@example.org
332,Jennifer Snyder,Europe,4,Manufacturer,21108.79,1976-01-06,qjones@example.com
333,Johnny Cruz,Europe,1,Manufacturer,36748.53,2007-07-31,hannah77@example.com
334,Christian Cruz,Europe,2,Wholesaler,18257.29,1978-05-20,brittanylopez@example.net
335,Breanna Bonilla,Africa,3,Supplier,10991.59,2012-07-21,marylin@example.com
336,Dawn Logan,Europe,3,Manufacturer,38603.54,1995-05-04,oflores@example.org
337,Steven Moore,Middle East,4,Wholesaler,20983.09,2017-12-06,seanwashington@example.net
338,William Wilson,North America,3,Wholesaler,44865.71,2014-02-20,antonio72@example.org
339,Angela Edwards,Middle East,2,Wholesaler,36513.52,2012-12-16,andrew72@example.org
340,Stephanie Rodriguez,Middle East,3,Distributor,13734.27,2017-06-29,adamedwards@example.net
341,Joel Keller,Africa,5,Manufacturer,45790.2,2023-07-23,qweaver@example.com
342,Danielle Ritter,Asia,4,Manufacturer,33546.77,1984-01-27,mzimmerman@example.net
343,Robert Montes,North America,4,Wholesaler,15748.23,1978-11-06,gjohnson@example.com
344,Ann Owens,Asia,1,Distributor,47616.93,1996-02-08,arthurbrown@example.net
345,Jennifer Adams,Asia,3,Supplier,48091.1,2013-07-25,julie32@example.com
346,Emily Horn,Europe,4,Distributor,17752.62,1985-12-14,jennifer53@example.org
347,Alexander Wallace,North America,2,Manufacturer,11362.05,2004-03-30,anthonyortiz@example.net
348,Steven Willis,Asia,5,Wholesaler,12774.75,2016-02-07,tammy28@example.net
349,Aaron Jones,Middle East,2,Wholesaler,22120.18,2023-04-02,alexandria13@example.com
350,Dana Jordan,Europe,2,Wholesaler,42349.74,2026-02-01,chavezjohn@example.com
351,Mike Rodriguez,North America,3,Distributor,38970.83,1995-07-15,timothydouglas@example.net
352,Johnathan Guzman,Middle East,2,Wholesaler,40930.39,1983-04-11,jbarrera@example.org
353,Jeffrey Larsen,Asia,3,Manufacturer,33184.1,2001-03-26,jamesjacobson@example.net
354,Jeffrey Bradford,Africa,4,Manufacturer,14158.89,1995-02-20,dawn27@example.org
355,Robert Boyd,Africa,3,Distributor,46481.83,2016-05-06,ecarr@example.com
356,Devon Taylor MD,Africa,3,Distributor,30983.9,1970-01-21,terrihenderson@example.com
357,Matthew Singh,Asia,3,Supplier,15855.03,1977-04-07,nlewis@example.net
358,Caroline Johnson,Middle East,1,Distributor,46047.24,2018-03-29,matthew21@example.net
359,Tara Rangel,Europe,4,Wholesaler,42260.4,1998-12-09,christinamason@example.com
360,Brenda Fisher,Europe,1,Distributor,22792.5,2003-09-04,matthew45@example.org
361,Johnny Sanchez,North America,4,Wholesaler,40168.11,2022-07-02,kberry@example.org
362,Jessica Henderson,Middle East,5,Manufacturer,16173.35,1988-01-18,daltongarcia@example.org
363,Amy Sweeney,Asia,5,Wholesaler,25633.3,2020-08-02,michaelhansen@example.net
364,Joshua Brown,North America,2,Manufacturer,43881.56,1985-02-15,kayla35@example.org
365,Maria Stewart,Africa,4,Wholesaler,21208.09,1971-06-25,pamelahart@example.org
366,Christy Oliver,North America,2,Distributor,26222.06,1971-05-23,vsanchez@example.org
367,Brandy Chavez,North America,4,Supplier,25317.31,1994-04-11,rcarter@example.net
368,Eric Peters,Europe,5,Wholesaler,48946.93,1994-02-07,ujackson@example.net
369,Thomas Hall,Africa,2,Wholesaler,16044.7,1971-08-13,johnsonangela@example.net
370,Steven Stephens,Asia,2,Manufacturer,25217.01,2023-04-20,guzmandaryl@example.com
371,Matthew Nelson,Middle East,4,Manufacturer,12615.18,1986-03-22,hdiaz@example.org
372,Victoria Chen,Asia,4,Manufacturer,39704.17,1989-08-15,robin38@example.org
373,Anthony Hernandez,North America,4,Wholesaler,45989.54,2000-04-09,lance70@example.com
374,Jacqueline Coleman,Europe,3,Distributor,26975.08,1972-05-16,kramerlaurie@example.org
375,Megan Reeves,Asia,1,Manufacturer,32538.91,1992-08-03,reyesmelissa@example.com
376,Duane Kennedy,Europe,1,Manufacturer,20845.67,1999-05-12,andrewberry@example.org
377,Jillian Phillips,Africa,4,Distributor,14161.04,2016-11-24,emily79@example.com
378,Lisa Pena,Middle East,2,Wholesaler,42449.66,1972-02-24,alexander86@example.org
379,Kevin Wright,Middle East,2,Distributor,12508.8,1972-07-07,mitchellbrian@example.com
380,Grace Villanueva,Africa,1,Distributor,24971.98,1975-07-04,adammcclain@example.net
381,Robert Mercer,Asia,5,Supplier,15637.3,1973-08-05,jnixon@example.com
382,Cody Richardson PhD,Europe,1,Wholesaler,22928.36,1991-01-07,bruce53@example.net
383,Jerry Smith,North America,5,Supplier,13720.67,2000-01-09,michael10@example.org
384,Ms. Kristi Allison,Africa,3,Supplier,33127.25,2005-03-05,udixon@example.org
385,Gregory Charles,North America,3,Manufacturer,12076.74,2012-05-28,williamsamy@example.org
386,Daniel Sweeney,North America,3,Supplier,26630.83,1983-02-12,vjimenez@example.org
387,James Brooks,Asia,3,Supplier,19071.94,1997-07-21,alicia56@example.org
388,Dawn Howard,Asia,4,Manufacturer,37951.52,2007-10-30,mary91@example.net
389,Eric Boyd,North America,5,Wholesaler,16013.21,1991-11-15,monroedylan@example.org
390,Kaitlyn Carlson,North America,4,Wholesaler,25519.06,1993-02-18,ycooper@example.net
391,Hannah Scott,North America,3,Manufacturer,32436.57,2015-05-19,lisa90@example.net
392,Annette Mayer,Europe,3,Distributor,46303.25,2006-12-26,wsmall@example.com
393,Andrew Johnson MD,Africa,3,Distributor,34016.56,1980-03-07,sampsondawn@example.org
394,Matthew Garcia,Asia,5,Distributor,33028.6,2013-06-10,justin95@example.net
395,Eric Williams,Europe,4,Distributor,30453.23,2026-02-28,ccaldwell@example.com
396,Andrew Moore,Africa,3,Wholesaler,17614.76,2025-02-12,brewermaria@example.org
397,William Kim,Africa,5,Supplier,30918.8,1996-09-14,tanya16@example.com
398,Chase Jones,Asia,2,Manufacturer,46967.31,2014-06-20,diaznicole@example.org
399,Jessica Wallace,Asia,4,Distributor,34145.58,1995-10-16,lindamullins@example.com
400,Paul Orozco,Europe,2,Manufacturer,42505.35,1978-07-18,miguelmitchell@example.com
401,Joseph Pierce,Africa,3,Supplier,47562.85,2001-02-25,jacobmiller@example.com
402,Michelle Hernandez,Europe,2,Distributor,33431.56,1979-06-05,mariahharris@example.org
403,Colleen Matthews,Middle East,3,Distributor,48946.29,1988-04-26,maddoxemma@example.org
404,John Acevedo,Asia,4,Manufacturer,19990.95,1998-05-08,matthewrodriguez@example.com
405,Angela Petty,North America,3,Wholesaler,21819.61,1975-07-21,ltorres@example.net
406,Mr. Andrew Moss,Africa,2,Distributor,10223.75,1991-08-05,bishopashley@example.org
407,Veronica Guerrero,Middle East,2,Wholesaler,32795.04,1971-09-25,arthur20@example.com
408,Corey Hicks,Middle East,3,Manufacturer,36471.08,1999-12-03,amelendez@example.com
409,Juan Diaz,Middle East,5,Wholesaler,34698.08,2022-04-08,agardner@example.com
410,Christopher Esparza,Africa,3,Wholesaler,47691.19,1970-05-08,heidiolson@example.org
411,Nancy Adams,North America,3,Supplier,18614.55,2013-06-30,charlesyates@example.com
412,Courtney Hunt,Europe,4,Supplier,22338.88,1976-12-05,bowmanpamela@example.net
413,Thomas Graham,Europe,5,Wholesaler,48254.35,1977-11-04,johnryan@example.org
414,Justin Quinn,Africa,3,Supplier,42984.64,2023-08-24,morganlinda@example.net
415,Nicholas Hernandez,Middle East,2,Supplier,14396.79,1998-10-08,wwatkins@example.org
416,James Kim,Africa,2,Distributor,27213.91,1989-09-20,jhampton@example.net
417,Melissa Nelson,Europe,4,Manufacturer,25139.65,2013-07-03,timothyevans@example.net
418,Christopher Smith,Asia,3,Distributor,40834.7,2021-04-25,gtownsend@example.com
419,Reginald Carroll,Middle East,5,Supplier,29711.36,1988-01-11,caleb20@example.com
420,Michael Carpenter,Asia,2,Distributor,29266.08,2021-01-01,michael58@example.net
421,Martin Anderson,Africa,4,Manufacturer,43881.52,1974-11-07,sandyramirez@example.org
422,Joshua Harvey,Asia,5,Distributor,14713.72,2014-11-29,shammond@example.org
423,Brandon Barber,Africa,3,Supplier,44738.91,1989-08-11,keithhampton@example.com
424,Kaylee Barnes,Europe,1,Supplier,44827.79,1984-04-28,lorraineweaver@example.org
425,Leon Hunt,Europe,4,Distributor,26087.98,1996-12-07,lindsey38@example.com
426,Valerie Weiss,Middle East,1,Supplier,40509.83,1979-01-13,wendy83@example.com
427,Anna Cameron,Asia,5,Wholesaler,36156.63,2019-10-22,sheryl89@example.com
428,Robert Porter,Middle East,3,Supplier,37762.29,1980-05-30,james19@example.com
429,John Larsen,Europe,3,Distributor,30066.85,1995-06-04,christopher77@example.com
430,Luis Jacobs,Africa,2,Wholesaler,39679.93,2018-03-06,meganruiz@example.com
431,Karen Moore,North America,5,Wholesaler,32520.77,1998-07-10,kyle90@example.net
432,Diamond Young,Asia,3,Distributor,24817.7,1993-02-11,grantjeremiah@example.org
433,Amanda Graves,Africa,1,Wholesaler,28054.65,1985-11-13,castrojill@example.net
434,Brian Deleon,Europe,5,Supplier,18742.61,2020-08-28,robertocordova@example.com
435,Patricia Doyle,Middle East,3,Distributor,10664.48,2021-02-15,smithjennifer@example.org
436,Chad Montoya,North America,1,Supplier,30135.35,1970-06-23,brewershane@example.org
437,Katherine Allen,Africa,3,Manufacturer,22341.24,1970-01-20,paulabarrett@example.net
438,Victoria Castro,Africa,4,Manufacturer,15821.67,1990-09-05,frankmcintosh@example.org
439,Debbie Page MD,Africa,3,Wholesaler,27123.75,1995-07-15,hamiltonsandra@example.net
440,Anthony Mcneil,Africa,2,Distributor,39578.72,1971-12-20,simmonskimberly@example.org
441,Susan Hunt,North America,4,Wholesaler,23310.86,2004-06-24,porterdouglas@example.net
442,Stephanie Sanchez,Africa,4,Wholesaler,15582.62,1979-03-30,cwagner@example.com
443,James Harris,Europe,1,Distributor,24471.7,2013-05-24,riveraandrea@example.com
444,Lee Gaines,Asia,4,Distributor,11665.8,1986-12-09,fisherlori@example.com
445,Matthew Hansen,Asia,1,Wholesaler,23954.33,1996-06-25,elizabethfuller@example.com
446,Timothy Melton,Middle East,3,Distributor,15783.11,1982-04-11,claire44@example.org
447,Crystal Dodson,North America,2,Distributor,18602.45,2019-12-08,frankbarton@example.org
448,Megan Williams,Middle East,5,Wholesaler,48790.16,1979-01-06,imarsh@example.net
449,Kenneth Hogan,North America,3,Distributor,10024.91,1987-12-23,haroldkim@example.org
450,Richard Evans,North America,2,Wholesaler,38910.08,1980-10-28,floresbenjamin@example.org
451,Dan Smith,North America,5,Manufacturer,44190.78,1997-11-27,moniquebennett@example.net
452,Thomas Rogers,Middle East,3,Wholesaler,32974.88,1993-07-31,asandoval@example.org
453,Jose Hernandez,Middle East,4,Wholesaler,13167.72,1978-10-06,susan65@example.net
454,Hayley Shaw,North America,3,Supplier,29437.66,1971-05-08,sheri55@example.net
455,Morgan Barnes,Africa,2,Supplier,48953.18,1971-06-30,karen45@example.net
456,Timothy Morrison PhD,Europe,3,Distributor,20860.88,2014-10-02,bcunningham@example.net
457,Kevin Roth,North America,3,Distributor,22755.56,2025-04-05,ricardowilson@example.com
458,Robert Murray,Europe,2,Supplier,28494.27,2013-04-09,hsmith@example.com
459,Faith Maldonado,Africa,4,Manufacturer,38767.8,2014-05-11,tiffanyreyes@example.org
460,Sarah Marquez,North America,1,Distributor,20677.5,2018-05-23,vdavis@example.com
461,Savannah Bender,Europe,4,Distributor,27397.75,2005-09-15,johnsondarrell@example.org
462,Bonnie Conley,Europe,4,Wholesaler,29061.53,2009-02-11,valdezjames@example.org
463,Jason Martin,Europe,1,Wholesaler,37883.19,2009-05-22,kwood@example.net
464,Scott Hamilton,Asia,1,Distributor,44719.37,1977-08-07,erica89@example.net
465,Theresa Ortiz,Europe,5,Manufacturer,20727.58,2019-03-18,mnguyen@example.org
466,Elizabeth Norris,North America,4,Distributor,16272.38,2018-10-18,awilliams@example.org
467,Carlos Lowery,Middle East,3,Distributor,13336.38,2017-02-07,ddyer@example.org
468,Lisa Smith,Europe,3,Supplier,14497.08,1994-07-10,williamskimberly@example.com
469,Jeremy Sanchez,Middle East,3,Supplier,21274.92,2003-06-01,michaelwaters@example.net
470,Mr. Christian Allen,Asia,2,Manufacturer,41937.02,1990-09-23,hernandezrebecca@example.org
471,Morgan Underwood DDS,Asia,3,Distributor,43923.0,1982-07-06,wisejames@example.org
472,Stacey Singleton,North America,2,Manufacturer,22471.37,1988-02-28,kimberlysexton@example.net
473,James Combs,Asia,4,Manufacturer,44669.56,1973-12-31,carrolljermaine@example.org
474,Natalie Smith,Africa,2,Wholesaler,29391.71,1978-10-18,tinalee@example.org
475,Jacob Calhoun,Middle East,4,Manufacturer,17705.4,2016-03-21,johnsontheodore@example.com
476,Ronald Taylor,Middle East,2,Supplier,48771.06,2011-01-17,howehunter@example.com
477,Monica Parks,Asia,3,Wholesaler,34138.81,2012-04-28,bhayes@example.net
478,Morgan Williams MD,Africa,5,Wholesaler,13483.31,1999-08-12,michaelevans@example.com
479,Martin Tucker,Europe,2,Manufacturer,22561.5,1991-07-11,benjaminvaughn@example.net
480,Joel Potter,Europe,4,Distributor,14250.09,1973-08-31,carlosberg@example.org
481,Michelle Jones,Europe,2,Manufacturer,32718.13,1999-10-04,charlesbishop@example.org
482,Krystal Heath,North America,3,Distributor,46209.87,1985-10-22,joseph64@example.org
483,Tracy Cook MD,Europe,4,Manufacturer,21883.54,1977-08-10,sheppardbradley@example.net
484,Lynn Sanders,Africa,4,Wholesaler,24121.11,1974-02-01,lawsonlee@example.com
485,Deborah Beck,North America,2,Manufacturer,42754.44,1986-08-08,parkerbeth@example.org
486,Victoria Vaughan,Asia,3,Manufacturer,39480.02,1998-12-13,herreracory@example.org
487,Katherine Porter,Europe,1,Manufacturer,13094.79,1979-09-05,tkaiser@example.net
488,Lisa Spencer,Asia,4,Manufacturer,29795.33,2014-01-30,mprice@example.com
489,Rebecca Bentley,Europe,1,Distributor,23688.19,1989-06-21,garrisonanthony@example.com
490,Mrs. Susan Powell,Africa,4,Supplier,28797.33,1998-09-14,courtneycontreras@example.org
491,Cheryl Phillips,Middle East,4,Distributor,26840.36,1989-03-23,hodgemaria@example.com
492,Jessica Ramirez,Africa,2,Manufacturer,21473.35,1984-05-29,timothybrady@example.com
493,John Daniel,North America,2,Wholesaler,49464.25,1989-12-01,brent73@example.org
494,Jessica Carter,Middle East,5,Distributor,12394.6,1998-09-25,collinsmary@example.net
495,Michelle Harding,Africa,2,Manufacturer,21344.68,1990-01-02,samuel08@example.org
496,Scott Peterson,Europe,3,Distributor,45847.96,2007-04-27,jesus09@example.net
497,Timothy Hodges,Africa,3,Manufacturer,14097.25,1982-10-08,ygonzales@example.org
498,Jacob Gates,Asia,3,Distributor,27920.02,1997-04-27,jennifer17@example.net
499,Kristin Hurley,Middle East,4,Supplier,29049.41,2001-07-22,ediaz@example.com
500,Jessica Turner,Africa,5,Manufacturer,25340.4,1991-07-06,stevenward@example.com
